ID,Anonymisierter Name,Hauptdiagnosen,Nebendiagnosen,Epikrise,Procedere,Experte,Position GISelA,Korrektur,ExpItem1Arzt,ExpItem2Arzt,ExpItem3Arzt,ExpItem4Arzt,ExpItem1KI,ExpItem2KI,ExpItem3KI,ExpItem4KI,ExpItem1Arzt.1,ExpItem2Arzt.1,ExpItem3Arzt.1,ExpItem4Arzt.1,ExpItem1KI.1,ExpItem2KI.1,ExpItem3KI.1,ExpItem4KI.1,PatItem1Arzt,PatItem2Arzt,PatItem3Arzt,PatItem4Arzt,PatItem1KI,PatItem2KI,PatItem3KI,PatItem4KI,original_length,AI_translation_length,human_translation_length,cosine_similarity_original_vs_AI,cosine_similarity_original_vs_human,cosine_similarity_AI_vs_human,PatScoreArzt,PatScoreKI,Exp1ScoreArzt,Exp1ScoreKI,Exp2ScoreArzt,Exp2ScoreKI
ID#01,Herr Schmidt,"Multifaktorielle Gangstörung 
- rezidivierende Stürze
- Sturzangst
- Polyneuropathisches Syndrom unklarer Genese
- Dual Task Probleme
- Schulter-Endoprothese rechts 
- Hör- und Visusminderung ","Arterielle Hypertonie
Prostatahyperplasie ","Im Rahmen der Vorstellung in unserer Geriatrischen Institutsambulanz zeigte sich eine leichtgradige Gangstörung mit minimal erhöhter Sturzneigung. Als wahrscheinlichste Ursache hierfür ist das bereits bekannte polyneuropathische Syndrom zu werten.

Insgesamt ist die Mobilität als gut zu bewerten. Die Gehgeschwindigkeit war altersentsprechend normal, ebenso die Muskelkraft. Es zeigten sich keine Hinweise auf orthostatische Hypotonie oder andere sturzrelevante Kreislaufproblematiken. Die derzeitige Medikation enthält keine Substanzen, die das Sturzrisiko erhöhen.

Im kognitiven Kurzscreening zeigten sich keine Hinweise auf relevante kognitive Einschränkungen. Lediglich bei Dual-Task-Aufgaben traten leichte Auffälligkeiten auf, die auf subklinische, milde Defizite hinweisen könnten. Diese ist ebenfalls mit einem erhöhten Sturzrisiko assoziiert.

Therapeutisch empfehlen wir eine gezielte physiotherapeutische Behandlung der rechten Schulter mit dem Ziel, Beweglichkeit und Kraft zu verbessern sowie bestehende Schmerzen zu lindern. Zur Sturzprävention sollte ein spezifisches Pertubationstraining erfolgen. Ergänzend wird regelmäßiges Krafttraining zur Förderung und Erhaltung der Mobilität empfohlen, idealerweise im Rahmen einer medizinischen Trainingstherapie.","Empfehlungen an die weiterbehandelnden Ärzt*innen: 

- Wir empfehlen die regelmäßige Einnahme von Vitamin D (ca. 1000 IE/Tag)
- das Erstellen einer Patientenverfügung und Vorsorgevollmacht wurde dem Patienten empfohlen 
- hinsichtlich der Polyneuropathie waren Untersuchungsergebnisse der neurologischen Praxis noch ausstehend. Ggf. weiterführende Therapie oder Diagnostik bei Auffälligkeiten
- sollten sich im Verlauf eine Zunahme von kognitiven Einschränkungen bzw. Alltagsrelevanz selbiger zeigen, kann eine gezielte kognitive Testung (z.B. mit einem MoCa-Test) in 6-12 Monaten erneut erfolgen.

Empfehlung an die weiterbehandelnden Therapeut*innen: 

1. Eine physiotherapeutische Einzelbehandlung auf Grundlage der funktionellen Bewegungslehren (FBL). Der Fokus sollte dabei auf die Bewegungserweiterung in der rechten Schulter liegen und die Kräftigung der schultergelenksnahen Muskulatur beinhalten. 

2. Im Verlauf die Teilnahme an einem strukturierten Krafttrainingsprogramm (z.B. medizinische Trainingstherapie, Gerätetraining) mit Fokus auf Schnell- und Explosivkraft (3 x pro Woche). Hier gerne Kontaktaufnahme bei unserer Partnerpraxis in Holzheim (Physiopraxis Sturm; 07302 922002).

3. Ein Training des reaktiven Gleichgewichts durch Perturbationstraining, zum Beispiel Perturbationslaufband (SturzImpfung). Bei Interesse bei uns im Haus gerne Kontaktaufnahme über unsere Geriatrische Instituts- und Sturzambulanz unter 0731 187-181 (Telefon) oder sturzambulanz.bgu@agaplesion.de (Mail).

Bei Fragen Kontaktaufnahme über 0731 187-181 (Telefon) oder sturzambulanz.bgu@agaplesion.de (Mail). ",Thomas,unten (1),,4,5,4,4,4,5,4,5,5,4,5,5,5,3,3,5,3,4,3,3,4,4,4,4,3161.0,1454.0,1208.0,0.8138717412948608,0.7577499747276306,0.8492039442062378,13,16,17,18,19,16
ID#02,Frau Schneider,"Milde Gangstörung
Spinalkanalstenose LWK3/4, Bandscheibenvorfall LWK2/3
degenerative LWS-Veränderungen
chronisches Schmerzsyndrom
Sturzangst 

Vorhofflimmern
mehrere Ablationen (02/21, 02/22, 10/22)
orale Antikoagulation mit Edoxaban

Arterielle Hypertonie
aktuell: hypertone Blutdruckwerte","Hypothyreose
Asthma ","Im Rahmen der Vorstellung in der Geriatrischen Instituts- und Sturzambulanz fiel bei Frau Schneider eine milde Gangstörung auf.

Die Ursachen sind multifaktoriell anzusehen. In der Ganganalyse zeigte sich eine leicht reduzierte Schrittlänge als eine Komponente der Gangstörung und Risikofaktor für Stürze. Das von der der Patientin beschriebene Kraftdefizit in den Beinen konnte auch in den Mobilitätstests objektiviert werden. Dort zeigte sich im Aufstehtest eine reduzierte funktionelle Beinkraft.
Als weiteren wichtigen Aspekt der Gangstörung ist sicherlich die beschrieben Sturzangst anzusehen. Frau Schneider gibt an, aus Angst vor plötzlich einschießenden Schmerzen, vorsichtiger zu gehen, was wiederum das Risiko für Stürze erhöht. 
Eine leichte Verschlechterung des Gangbildes zeigte sich unter semantischen Doppel-Tätigkeits-Aufgaben (Dual task) auf. Diese können durch subklinische kognitive Defizite bedingt sein. Subjektiv berichtete die Patientin aktuell von keinen kognitiven Funktionseinbußen. Ein kognitives Screening ergab keine messbaren Hinweise auf kognitive Defizite.

Hinweise auf eine reduzierte Gleichgewichtsfähigkeit ergaben sich nicht. Auch ein Schellong-Test blieb unauffällig. 

Im Rahmen eines Medikamentenreviews, insbesondere hinsichtlich Sturzrisiko erhöhender Medikamente (fall risk increasing drugs (FRID)), fiel die regelmäßige Einnahme von Gabapentin auf. Aktuell ist mit einer Tagesdosis von 100 mg nicht von einem schmerzlindernden Effekt auszugehen, weswegen aus unserer Sicht auf die Einnahme verzichtet werden kann. Bei mittlerem Leidensdruck und nur wenigen Schmerzepisoden würden wir zum jetzigen Zeitpunkt auf eine coanalgetische Therapie mit einem Antiepileptikum verzichten. Sollte sich eine Verschlechterung der Schmerzsituation zeigen oder falls ein erneuter Therapieversuch gewünscht ist, kann eine coanalagetische Therapie (mit ausreichender Aufdosierung) überlegt werden. (s. Procedere). 
Die analgetische Therapie mit Metamizol sollte bei aktuell gut eingestellter Schmerzsituation weiter ausgeschlichen und als Bedarfsmedikation beibehalten werden. 

Unklar blieb, ob die in der Medikamentenliste aufgeführte Therapie mit Candesartan und Amlodipin tatsächlich dreimal täglich eingenommen wird. Wir empfehlen, die Gabe jeweils auf zweimal täglich zu reduzieren. Während der Vorstellung zeigten sich eher hypertensive Blutdruckwerte (150 mmHg systolisch). Eine Aufdosierung der Candesartan-Therapie auf max. 32 mg (cave Nierenfunktion) kann erwogen werden (Zielblutdruck systolisch <140 mmHg)

Zusammenfassend ergibt sich aus den oben genannten Befunden das Bild einer leichten Gangstörung, mit einzelnen Komponenten, die das Sturzrisiko erhöhen. Insgesamt ist zum jetzigen Zeitpunkt aber von einer guten Mobilität und geringer Sturzgefahr  auszugehen. Zur Erhalt und Verbesserung der Mobilität sollte im Fokus ein ausreichendes Ausdauer- und Krafttraining stehen (s. Empfehlungen unten). Außerdem erhoffen wir uns von einer Therapie auf dem Pertubationslaufband eine Verbesserung der beschriebenen Sturzangst. Wir informierten die Patientin über bestehende Angebote und gaben Flyer ab.","Empfehlungen für die weiterbehandelnden Ärzt*innen: 
- medikamentöse Empfehlungen: 
Analgetische Therapie: Metamizol kann ausgeschlichen werden und als Bedarfsmedikation beibehalten werden. Gabapentin kann abgesetzt werden. Sollte sich eine Verschlechterung der Schmerzsituation zeigen, kann eine erneute coanalgetische Therapie mit einem Antiepileptikum (bspw. Pregabalin (2x tgl 75 mg Erhaltungsdosis mit langsamem Aufdosieren) oder mit Gabapentin (Erhaltungsdosis ca.600 mg) oder auch mit einem Antidepressivum (z.B. Duloxetin) überlegt werden. Bitte Nierenfunktion berücksichtigen
Antihypertensive Therapie: Candesartan und Amlodipin auf 2x tgl. umstellen. Ggf. Ausbau der antihypertensiven Therapie (z.b. Steigerung Candesartan auf max. 32 mg)

- wir empfehlen die Durchführung einer ambulanten Rehabilitation mit Fahrdienst und umfangreichen Therapieangeboten der Physiotherapie, Ergotherapie und Bewegungstherapie. Hier könnten verschiedene Hilfsmittel erprobt werden und die Kraft und das Gleichgewicht verbessert werden. Falls noch nicht erfolgt, bitten wir Sie, einen Antrag zu stellen.
Ein bereits vorausgefülltes Antragsformular finden Sie auf unserer Homepage: https://www.bethesda-ulm.de/fileadmin/Agaplesion_bkl-ulm/user_upload/BGU_amb._Reha_Kostenuebernahme_Fahrten_fuer_Hausarzt_2023-07-26.pdf

Empfehlung für die weiterbehandelnden Therapeut*innen

1. Die Durchführung einer ambulanten Rehabilitation (s.oben) 

2. Ein Training des reaktiven Gleichgewichts durch Perturbationstraining, zum Beispiel Perturbationslaufband (SturzImpfung). Bei Interesse bei uns im Haus gerne Kontaktaufnahme über unsere Geriatrische Instituts- und Sturzambulanz unter 0731 187-181 (Telefon) oder sturzambulanz.bgu@agaplesion.de (Mail).

3. Ein sensomotorisches Gleichgewichtstraining zum Beispiel am Posturomed oder auf instabilen Unterlagen im Rahmen einer physiotherapeutischen Einzelbehandlung oder zur Integration in Ihren bestehenden Trainingsplan z.B. im Fitnessstudio.


Bei Fragen Kontaktaufnahme über 0731 187-181 (Telefon) oder sturzambulanz.bgu@agaplesion.de (Mail).",Thomas,1,x,5,5,4,4,5,3,5,5,5,4,5,5,5,3,4,5,3,3,3,3,3,3,3,3,5578.0,1153.0,2056.0,0.6730360984802246,0.7950238585472107,0.7673167586326599,12,12,18,18,19,17
ID#03,Frau Müller,"1. Polyneuropathie, unklarer Genese
	mit sensibel-ataktischer Gangstörung
		
2. Restless Legs Syndrom idiopatisch, DD zusätzlich sekundäre Komponente bei PNP
	Bestimmung Eisenhaushalt, ggf. Therapieversuch mit Dopaminergika

3. Zusätzlich Risikofaktoren für Gangstörungen und Stürze:
	Einnahme von Sertralin und Quetiapin als FRID
	Hinweise auf Dual-Tasking Problemen mit Präferierung der motorischen Aufgabe
	Z.n. Hüft TEP re
	Hüftgelenksdysplasie bds. seit Kindheit

Primäre Osteoporose
	Behandlung mit Vit D und Alendronsäure

Rez. depressive Störung zuletzt vor 12 Jahren nach dem Tod des Ehemanns
art. Hypertonus
Z.n. Katarakt OP bds.",,"Frau Müller stellte sich unter oben genannten Diagnosen und Anamnese in unserer Sturzambulanz vor. Klinisch und anamnestisch fallen bei der Pat. vor allem eine senibel-ataktische Gangkomponente auf:

ad 1 
Bei der Pat. zeigt sich das Bild eines sensibel-ataktischen Gangstörung mit etwas breitbasigem Gang, pos. Rombergtest und posturaler Instabilität sowohl klinisch, als auch in der postural sway Messung. Klinisch zeit sich als wahrscheinlichste Ursache eine Polyneuropathie.
Wir empfehlen eine elektrophysiologische Messung zur weiteren Abklärung des PNP Syndroms beim niedergelassenen Neurologen.
Wir empfehlen eine laborchemische Ursachen-Abklärung z.B. mit Bestimmung von: Vit. B1, B6, B12, Folsäure, Methylmalonsäure Holotranscobalamin, ANA, ANCA, Hepatitis C Serologie, Leber/Nierenwerte, HbA1c und BZTP, Serum-Elektrophorese.
Wir empfehlen ein gruppenbasiertes strukturiertes Sturzpräventionsprogramm (z.B. nach dem Ullmer Modell) und ein hochintensives Ausdauertraining (extensive / intensives Intervalltraining am Laufband / Ergometer) gekoppelt an ein sensomotorisches Gleichgewichtstraining (bspw. Postoromed / Dividat). In diesem Rahmen sollte auch ein Training unter Doppeltätigkeit erfolgen.
Es besteht eine Eignung für ein innovatives Perturbations-Laufbandtraining zur Sturzprophylaxe (sog. Sturzimpfung). Dieses konnte in Studien die Sturzrate um bis zu 50% reduzieren. Bei Interesse gerne Kontaktaufnahme über unsere Geriatrische Instituts- und Sturzambulanz unter Tel. 0731 187 181 oder Homepage www.sturzimpfung-ulm.de möglich. 

ad 2
Bei bekanntem langjährigen RLS mit pos. Familienanamnese erscheint eine idiopathische Ursache wahrscheinlich, ggf. mit sekundärer Komponente im Rahmen der hinzugetretenen PNP.
Wir empfehlen die bestimmung des Eisenhaushales sowie ggf. Einleitung einer Eisensubsitution bis zum Erreichen eines hochnormalen Ferritinwertes von > 200µg/l.
Bzgl. der Angaben zu den zu anhaltenden Schlafstörungen führenden Beschwerden ist die Pat. indifferent. Wir empfehlen einen Behandlungsversuch mit einer dopaminergen Therapie zur spezifischen Therapie des RLS z.B. mit Pramipexol ret. 0,26mg initial, nach 3d auf 0,54mg ret. erhöhen. Einnahme ca. 19h in etwa eine Stunde vor dem üblichen Beginn der RLS Beschwerden. 

ad 3.
Im Rahmen eines ausführlichen Medikamentenreviews fielen bei der Pat. als sog. fall risk increasing drugs (FRID) Sertralin und Quetiapin auf. Diese nimmt die Pat. seit einer depressiven Episode nach dem Tod ihres Ehemannes vor ca. 12 Jahren ein, zuletzt hatte sie die Dosis bereits selbstständig reduziert. Psychisch sei sie stabil.
Wir empfehlen eine Fortführung der Reduktion und auch den Auslassversuch beider Medikamente unter regelmäßigem Monitoring des psych. Befindens. Bzgl. Schlafstörungen sei auf den Abschnitt zum Thema RLS verwiesen.
Bei der Pat. fielen Defizite beim motorisch-kognitiven Dual-Tasking auf, wobei eine Präferierung der motorischen Aufgabe erfolgte, so dass sich keine Verschlechterung des Gangbildes ergab. Im kognitiven Kurztest und anamnestisch ergaben sich aktuell keine Hinweis auf ein demenzielles Syndrom. Wir bitten um klinische, ggf. auch testpsychologische Verlaufskontrolle.

Bei der Pat. fiel im Schellong-Test ein hoher RR von 160/100 mmHg auf, wir empfehlen eine wiederholte Messung, ggf. auch eine LZ-RR-Messung und ggf. die Anpassung der RR-Medikation.

Sozialmedizinisch ist bei allein lebender Patientin mit Sturzgefahr die Einrichtung eines Hausnotrufsystems sinnvoll.",,Thomas,oben (0),,4,4,5,2,5,2,5,5,5,4,4,5,5,3,4,5,5,4,5,5,5,4,5,5,4181.0,1323.0,1690.0,0.7391248941421509,0.7757229208946228,0.8218768835067749,19,19,15,17,18,17
ID#04,Herr Schmidt,"Multifaktorielle Gehstörung
sensibel-ataktisches Gangbild
stammbetonte Sarkopenie
posturale Instabilität
Z. n. Bandscheibenvorfall auf Höhe LWK 4/5 rechts (2022)
Residuelle Fußheberparese links","Chronische Niereninsuffizienz (eGFR nach Cockcroft-Gault: 49 ml/min)
Vorhofflimmern, OAK mit Xarelto 20 mg
Herzinsuffizienz
Prostata-Hyperplasie
Hypertonie
Anamnestisch: Entfernung einer Darmschlinge nach Darmperforation 2010","Herr Schmidt wurde uns zur Mitbeurteilung einer Gehstörung und Besprechen der Therapiemöglichkeiten vorgestellt. Anamnestisch erlitt der Patient im Anschluss an einer Bandscheiben-Operation vor 1-2 Jahren eine Verschlechterung der Gehfähigkeit, von der er sich nur mühsam wieder erholte. Neben den Residuen des Bandscheibenvorfalls und einer bekannten Fußheberparese links zeigte sich in der klinischen Untersuchung eine mittelgradige zentrale Afferenzstörung der Beine, mit sensibel-ataktischen Gangbild. Zudem zeigte sich eine stammbetonte Sarkopenie mit Schwäche der Hüftmuskulatur, mit entsprechenden Defiziten im motorischen Assessment. Die vorliegenden Laboruntersuchungen zeigen eine Hypalbuminämie als Zeichen einer Eiweißmangelernährung, für der Patient anamnestisch einen Appetitverlust mit 4 kg Gewichtsverlust berichtet. Zudem zeigte sich eine chronischen Niereninsuffizienz mit einer errechneten glomerulären Filtrationsrate (eGFR) von 49 ml/min nach Cockcroft-Gault. 
In Zusammenschau liegt eine multifaktorielle Gehstörung vor, mit führender Sarkopenie und sensibler Ataxie. Die Sarkopenie kann sehr gut mit einem strukturierten Kraft-Training beübt werden, für die sich der Patient sehr motiviert zeigt. Wir empfehlen in Anbetracht der Schwere des Befundes, sowie der abzuwendenden Pflegebedürftigkeit durch Mobilitätsverlust eine stationäre Rehabilitation, in der der Patient intensiv beübt werden kann. Im Anschluss sollte das Trainingsprogramm 2-3x/Woche fortgeführt werden. Damit der Patient im Rahmen des Kraft-Trainings Muskulatur aufbauen kann, sollte der Eiweißmangel diätetisch behandelt werden, z.B. mit Protein Shakes. Hinsichtlich der sensiblen Ataxie ergeben sich anamnestisch Hinweise auf einen Vitamin B12 Mangel, durch gestörte Vitamin B12 Absorption nach Entfernung einer Darmschlinge. Wir empfehlen daher eine erweiterte Vitamin B12 Labordiagnostik (s.u.) und ggf. eine Umstellung der enteralen auf eine parenteralen Substitution. Die bestehenden Defizite können in einem Gleichgewichtstraining physiotherapeutisch beübt werden. Nebenbefundlich zeigte sich eine gestörte Nierenfunktion, die mit einer eGFR 49 ml/min einen grenzwertigen Befund für die Xarelto-Dosis zeigt. Nach erneuter Kontrolle der Nierenfunktion kann die Dosis des Xarelto ggf. reduziert werden.

Bitte beachten Sie auch die Empfehlungen unter Motorisches Assessment weiter unten. ","Beantragen einer stationären geriatrischen Rehabilitation
Krafttraining, Stamm- und Beinbetont (v.a. Hüftmuskulatur)
Protein-reiche Diät, z.B. Nahrungsergänzung mit Protein Shakes. Ziel: min 50-80 g Protein pro Tag.
Serologische Bestimmung von Vitamin B12, Holotranscobolamin, Methylmalonsäure, Homocystein und MCV
Abhängig vom Befund ggf. parenterale Vitamin B12 Substitution
Monitoring der Nierenfunktion, erwägen das Xarelto auf 15 mg zu reduzieren",Thomas,1,,5,4,4,2,5,4,5,5,5,4,4,5,5,4,4,5,4,4,4,4,4,4,4,4,3307.0,1805.0,1606.0,0.7939590215682983,0.8001930713653564,0.8520407676696777,16,16,15,19,18,18
ID#05,Herr Brandt,"Multifaktorielle Gangstörung 
mit	1) 	paretische Gangstörung mit Fußheber/senker schwäche sowie auch Paresen der proximalen OS Muskulatur, Trendelenburgzeichen re (S1<L4<L5 Syndrom re.)
	2)	sensibel-ataktischer Gangstörung
			
bei	1A) 	Post-Polio Syndrom seit 3. LJ mit residueller Radikulopathie L5
	1B)	L5/S1 Radikulopathie re bei Z.n. lumbaler SKS und rez. operativen Therapien (insb. BWK Ulm)
	2)	Sensibles Polyneuropathisches Syndrom unklarer Genese DD malnutritiv DD idiopathisch
			Empfehlung: weiterführende laborchemisch Abklärung ggf. Therapie	

3) Chronisches Schmerzsyndrom
	aktuell: Nach Autounfall und Thoraxanprall Exacerbation der Schmerzen (Frakturausschluss erfolgt)
	Empfehlung: Stufenweise Anpassung der Schmerzmedikation

4) Osteoporose
	Z.n. rez. WK Frakturen DD Anschlussfrakturen im Rahmen der Fixateur intern Anlagen
	aktuell: Vitamin D und Calcium
	Z.n. Denosumab Therapie am RKU Ulm
	Empfehlung: Wiederbeginn spezifischer Osteoporose Therapie und Knochendichtemessung
	
PAVK Grad IV mit abheilendem Ulcus re Außenknöchel",,"Im Rahmen der Vorstellung in der Geriatrischen Instituts- und Sturzambulanz fielen mehrere Komponente einer Gangstörung und Sturzneigung auf:

ad 1)
Es fiel eine paretische Gangkomponente mit bereits seit Kindheit vorbestehender Schädigung der L4-S1 Muskulatur des rechten Beines post Polio auf. Hierzu kam eine L5/S1 Radikulopathie durch eine lumbale SKS vor ca 2-3 Jahren, die letztendlich im BWK Ulm operativ behandlet wurde. Es fällt aktuell neben der Fußheberplegie und Fußsenkerparese rechts auch eine proximale Parese der Hüftbeugung/Streckung sowie -abduktion mit Trendelenburgzeichen rechts auf. 
Wir empfehlen eine gezielte Physiotherapie sowie Krafttraining zum Aufbau der Quadrizeps- und Glutealmuskulatur rechts sowie bei auch auffälligen Stuhlaufstehtest auch linksseitig. Das Krafttraining sollte vor allem explosives Krafttraining bzw. Schnellkrafttraining umfassen. Siehe darüber hinaus unten unter Assessments.
Wir empfehlen darüber hinaus eine gezielte proteinreiche Ernährung zur Unterstützung des Muskelaufbaus.
	 
ad 2) 
Es fiel eine sensibel-ataktische Gangstörung a.e. bei Polyneuropathie unklarer Genese auf. Bei aus dem Jahr 2022 vorliegendem Labor fiel eine makrozytäre Anämie auf, so dass DD ein Vit. B12 Mangel möglich erscheint.
Wir empfehlen zur weiteren Abklärung eine laborchemische Diagnostik insb. bzgl. potenziell modifizierbarer Ursachen: Vitamin B12, Holotranscobalamin, Methylmalonsäure, Vit. B6, Vit B1, Folsäure, Serum-Ephorese (MGUS?), Vasculitisscreening (BSG, CRP; ANA, ANCA, Hepatitis C), HbA1c.
Wir empfehlen zur Behandlung der sensibl-ataktischen Gangkomponente: ein Gruppenbasiertes strukturiertes Sturzpräventionsprogramm bspw. nach dem Ulmer Modell (2-3x/Wo 30-60min) mit gezielten Übungen für Gleichgewicht und Kraft mit regelmäßiger Anpassung des Schwierigkeitsgrads an das individuelle Niveau. Das Erlernen bzw. Beüben von Kompensationsschritten, ein koordiniertes Training, sensomotorisches Gleichgewichtstraining (bspw. Postoromed /Dividat). Siehe darüber hinaus unten unter Assessments.

ad 3)
Es liegt ein chronisches Schmerzsyndrom der LWS mit pseudoradikulärere Ausstrahlung ins re Bein vor. Hierfür ist lt. Medikationsplan eine ausgereifte Schmerzmedikation verordnet. diese wurde zuletzt von dem Patienten nur teilweise eingenommen (siehe Medikation bei Aufnahme). 
Wir diskutierten mit dem Patienten und seiner Tochter ausführlich über das Nebenwirkugnsprofil verschiedener Schmerzmedikamente. Grundsätzlich besteht jedoch bei chronischem Schmerzsyndrom die Indikation zu einer dauerhaften mehr-stufigen Schmerztherapie nach dem WHO Stufenschema gegebenfalls inklusive Komedikation. Trotz aktuell Exacerbation der Schmerzmedikation bei Thoraxprellung nach Autounfall ist eine grundsätzliche Reduktion der Schmerzmedikation probatorisch gewünscht.
Wir empfehlen folgende Umstellungen:
Die Medikation mit Tizanidin wurde von dem Patient zuletzt nur niedrig dosiert eingenommen, diese empfehlen wir zu beenden
Die Medikation mit Meloxicam ist vom Nebenwirkungsprofil im Alter (wie alle nichtsteroidale Antiphlogistika) ungünstig, auch diese sollte nach Möglichkeit beendet werden.
Wir empfehlen eine kombinierte Therapie mit Metamizol als Basistherapeutikum 3x tgl. 500mg sowie bedarfsweise (bis zu 2g tgl.) und 
Buprenorphin als Opiat in Pflasteraufbereitung. Diese sollte zunächst bei 20 µg wieder begonnen werden, gegebenenfalls kann im Verlauf eine Reduktionsschritt erwogen werden.
Die neuropathische Komedikation mit Pregabalin wurde bei Vorliegen des radikulären L5/S1 Syndroms ca. 2022 begonnen, dieses radikulären Thematik ist nun nach Dekompressionsoperation 09/24 BWK Ulm gebessert, sodass ein Reduktionsversuch z. B. auf 2 x 50 mg Pregabalin im Verlauf ausprobiert werden kann.

ad 4)
Bei dem Patienten ist eine Osteoporoseerkrankung vordiagnostiziert. Diese kann ebenfalls zu dem chronischen Schmerzsyndrom beitragen. Eine ambulante Denosumab Therapie wurde vom Patienten leider abgebrochen
Wir empfehlen den Wiederbeginn einer spezifischen Osteoporosetherapie niedergelassenen Orthopäden, idealerweise mit osteologische Zusatzweiterbildung. Hier kommen grundsätzlich sowohl Osteo einer Pohle Therapien (Romosozumab, Teriparatid) gegebenenfalls auch eine erneute Denosumab Therapie oder Bisphosphonattherapie in Betracht. Zuvor sollte eine Knochendichtemessung erfolgen. Eine dauerhafte Anbindung erscheint wichtig.",,Thomas,0,,3,5,2,2,5,5,5,5,4,2,3,4,4,2,3,5,4,3,4,4,5,3,4,4,5495.0,1716.0,1727.0,0.7354734539985657,0.7526073455810547,0.8033097386360168,15,16,12,20,13,14
ID#06,Herr Waldner,"Multifaktorielle Gangstörung 
mit	1) 	hypokinetisch-rigide Gangstörung und 
	2) 	apraktische Gangstörung und
	3)	sensibel-ataktische Gangstörung
	4) 	Claudicatio spinalis
		
bei	1) 	Parkinsonsyndrom DD idiopathisch zusätzlich medikamentös-induziert EM ca. 2017
			Mit rechtsbetontes hypokinetisch-rigides Syndrom sowie Halte- und Ruhetremor
			Zusätzlich Essentieller Tremor
			Empfehlung: Evaluation der Lithium Therapie, ggf. Therapieversuch mit L-Dopa
	2)	V.a. beginnenden Demenz DD bei bei Parkinson (PDD)
			Empfehlung: Bei Gangverschlechterung unter Dual task Bedingungen weiterführende Abklärung inkl. MoCA Test, Therapieversuch z.B. Rivastigmin im Verauf
	3)	Polyneuropathisches Syndrom unklarer Genese DD malnutritiv DD idiopathisch DD 4)
			Empfehlung: weiterführende laborchemisch Abklärung ggf. Therapie
	4)	Lumbale Spinalkanalstenose mit Z.n. OP LWK 2-5
			mit bestlastungsabhängigen Beinschmerzen
			aktuell keine weitere Abklärung bei fehlender OP Konsequenz gewünscht

5) V.a. Osteoporose
		Empfehlung: Basistherapie und weitere Abklärung
Rez. depressive Störung DD organisch-affektive Störung
	Lithium und Antidepressiva Therapie
Prostata CA mit Rekestion 07/2019 mit Strahlentherapie
Knie-TEP re 11/2019",,"Im Rahmen der Vorstellung in der Geriatrischen Instituts- und Sturzambulanz fielen mehrere Komponente einer Gangstörung und Sturzneigung auf:

ad 1) 
Es fiel in eine hypokinetisch-rigide Gangkomponente im Rahmen eine rechtsbetonten Parkinsonsyndrom (PS). Dieses wurde bereits vorausgehend DD als medikamentöse-induziert unter Lithium DD als idiopathisches Parkinsonsyndrom diskutiert. Insgesamt erscheint eine idiopathische Komponente bei deutlich > 15J nach Beginn der Lithiumtherapie aufgetretenem PS auch bei zusätzlich noch vorbeschriebenem Essentiellen Tremor und negativem Datscan aus unserer Sicht bei klarer Seitenbetonung und auch zuletzt progredientem PS möglich. Bei rez. depressiver Störung wurde bisher von einem Reduktions- oder Auslassversuch des Lithiums abgesehen, was bei auch aktuell zum depessiven Pol geneigter Stimmung gut nachvollziehbar erscheint.
Wir empfehlen bei zunehmendem Leidensdruck und rez. Stürzen des Pat. durch das PS einen Therapieversuch mit einem Levodopapräparat mit z.B. folgendem Eindosierungsschema: Levodopa/Benserazid 50/12,5mg 1-1-0-0 (7h, 11h, 15h, 19h) sowie Aufdosierung um 2x 50/12,5mg alle 5d bis zu einer ersten Zieldosis von 2-2-2-0. Danach ggf. weitere Therapieanpassung je nach Effekt.
Wir empfehlen zur Behandlung der sensibl-ataktischen Gangkomponente: ein Gruppenbasiertes strukturiertes Sturzpräventionsprogramm bspw. nach dem Ulmer Modell (2-3x/Wo 30-60min) mit gezielten Übungen für Gleichgewicht und Kraft mit regelmäßiger Anpassung des Schwierigkeitsgrads an das individuelle Niveau. Hierbei Gezielte Integration von Schnell- und Explosivkraft ins aktuell bestehende Krafttraining des Patienten.
Darüber hinaus auch physiotherapeutische Einzelbehandlung zur Hilfsmittelanpassung eines Rollators
Des weiteren empfehlen wir ein Perturbationstraining z.B. auf einem Laufband zum Training von Ausfall- uns Abfangschritten sinnvoll. Dieses kann im Rahmen der sog. SturzImpfung in unserer Ambulanz erfolgen. Bei Interesse und Fragen gerne Kontaktaufnahme über unsere Sturzambulanz unter Tel. 0731 187 181 oder Homepage www.sturzimpfung-ulm.de.

ad 2) 
Es fiel eine apraktische Gangkomponente mit posturaler Instabilität, teilw. inadäquater motorischer Reaktion und Fußstellungen sowie Verschlechterung der Parameter der Ganganalyse unter Doppel-Tätigkeits-Aufgaben (Dual task) auf. Diese sind oft auf subklinische kognitive Defizite bedingt. Ein Kognitives Screening ergab hier Hinweise auf leichte kognitive Defizite. DD gehen wir von einem beginnenden demenziellen Syndrom aus.
Wir empfehlen zur weiteren Abklärung eine gezielte kognitive Testung (z.B. normaler MOCA Test), cerebrale Bildgebung, ggf. Liquorpunktion und Beginn einer Behandlung mit einem Acetylcholineseraseinhibitors Diese kann z.B. über einen niedergelassenen Neurologen/Psychiater oder die Gedächtnisambulanz des ZfP Südwürttemberg in der Bethesda Klinik (Tel 0731 187 5317) erfolgen.  
Wir empfehlen darüber hinaus geränzend zu den unter 1) genannten Therapiemaßnahmen, dass diese gezielt auch unter Doppel-Tätigkeit durchgeführt werden, in kritischen Motoriksituationen im Alltag sollte dagegen auf volle Konzentration (z.B. keine Gespräche beim Gehen) geachtet werden, um weitere Sturzereignisse zu vermeiden.

ad 3) + 4)
Es fiel eine sensibel-ataktische Gangstörung a.e. bei Polyneuropathie unklarer Genese DD bei polyradikulärem Syndrom bei bekannter lumbaler Spinalkanalstenose auf. Bzgl. der SKS beschreibt der Pat. auch eine belastungsabhängige Verschlechterung der Rückenschmerzen (Claudicatio spinalis), zu klaren fokalneurologischen Ausfällen kommt es aber unter Belastung nicht.
Aktuell schließt der Pat. eine erneute Operation an der LWS aus, so dass eine weiterführende Abklärung mittels MRT LWS keine Konsequenz hätte. Auch aus geriatrischer Sicht erscheint eine erneute Operation im Rahmen der Vorerkrankungen, Frailty und Erfolgschancen aktuell nicht ratsem. Ggf. kann eine ausführliche elektrophysiologische Untersuchung helfen die DD PNP vs. polyradikuläres Syndrom zu differenzieren, soweit dies eine Konsequenz hat.
Wir empfehlen zur weiteren Abklärung der DD Polyneuropathie eine laborchemische Diagnostik insb. bzgl. potenziell modifizierbarer Ursachen: Vitamin B12, Holotranscobalamin, Methylmalonsäure, Vit. B6, Vit B1, Folsäure, Serum-Ephorese (MGUS?), Vasculitisscreening (BSG, CRP; ANA, ANCA, Hepatitis C), HbA1c.
Wir empfehlen darüber hinaus ergänzend zu den unter ad 1) genannten Therapiemaßnahmen: Das Erlernen bzw. Beüben von Kompensationsschritten, ein sensomotorisches Gleichgewichtstraining (bspw. Postoromed /Dividat).

ad 5)
Auf Grund seines Alters, der Vorerkrankungen und der vorliegenden geriatrischen Syndrome besteht der V.a. eine Osteoporose Erkrankung. 
Wir empfehlen zur weiteren Abklärung eine Vorstellung beim niedergelassenen Osteologen (z.B. Praxis Spiess, NU oder Praxis Radlmayer, Ulm) sowie die Durchführung einer Knochendichtemessung sowie ggf. die Einleitung einer spezifischen Osteoporosetherapie. 
Eine Vitamin D Substitution erfolgt bereits seit kurzem, wir empfehleen je nach Laborwert auch die Substitution von Calcium.

Neben den genannten Punkten können als Empfehlungen ausgesprochen werden:
Die Verwendung einer Gleitsichtbrille kann das Sturzrisiko erhöhen, so dass wir den Wechsel auf eine seperate Fern- und Nahsichtbrille empfehlen.

Im Rahmen eines Medikamentenreviews hinsichtlich Sturzrisiko erhöhender Medikamente (fall risk increasing drungs (FRID)) fiel die Einnahme von Duloxetin und Reboxetin die als SNRI und NARI nicht miteinander kombiniert werden sollten. Dies sollte unter fachpsychiatrischer Supervision ggf. umgestellt werden. Zu Lithium s.o. Eine klare Evidenz für den Einsatz von Tebonin bei kognitiven Störungen gibt es aktuell nicht, diese sollte ggf. abgesetzt werden. Die Medikation mit Propranolol kann durch die systemtischen Hypotonie-induzierenden NW potenziell das Sturzrisiko und auch die Neigung zu Depressionen erhöhen, sie wurde vom Patienten bereits kurz nach Eindosierung erneut beendet (wobei die Annahme des Pat. eine Verschlechterung des Tremors eher unbegründet erscheint) und sollte vermieden werden.",,Thomas,1,,3,3,3,3,5,4,5,5,4,3,4,5,4,2,4,5,5,5,5,5,4,4,4,4,7414.0,1718.0,2421.0,0.7316074967384338,0.7419573068618774,0.8440396785736084,20,16,12,19,16,15
ID#07,Frau Schuster,"Multifaktorielle Gangstörung 
mit	1) 	unsystematischem Benommenheits-Schwindel und auch rez. Synkopen
	2) 	hypokinetisch-rigider Gangstörung und
	3) 	apraktischer Gangstörung und
	4)	paretische Gangstörung mit Trendelenburgzeichen rechts
			
bei	1) 	Orthostatische Hypotension im Rahmen des iPS
			Empfehlung: Anpassung Medikation, Kompressionstherapie der Beine und des Abdomens, Kopfhochlagerung, Bahnungsmanöver
	2)	Idiopathisches Parkinsonsyndrom (iPS), rechtsbetont vom hypokinetisch-rigiden Typ, Hinweis auf Wirkflutkuationen, ED 2015
			Empfehlung: gut medikamentös eingstelltes hypokinetisch-rigides Syndrom mit der Neigung zu Dyskinesien, zunehmende posturale Instabilität nicht-medikamentöse behandeln			
	3)	V.a. Mild cognitive impairment im Sinne einer beginnenden Demenz bei Parkinson (PDD)
			Empfehlung: Bei Gangverschlechterung unter Dual task Bedingungen weiterführende Abklärung inkl. MoCA Test, Therapieversuch z.B. Rivastigmin im Verauf
	4) 	Reduzierte Beinkraft im Stuhlaufstehtest
			Empfehlung: gezieltes Kraftraining
	5)	Trendelenburgzeichen links mit Abkippen des Beckens rechts im Einbeinstand DD seit der Beckenringfraktur

Osteoporose
	Behandlung mit Vitamin D, Calcium und Alendronsäure erfolgt","Fraktur des hinteren und vorderen Beckenrings Typ FFP Typ 2C mit Beteiligung des Ramus ossis pubis superior links symphysennah sowie des Os sacrums bds. bei Z.n. Sturz vor ca. 4 Wochen (Mitte November)
operative Versorgung mittels einer navigierten in SI-Schraube am 13.12.2022
Fraktur des Processus transversus L5 und L4 rechts sowie L5 links
 Rezidivierende depressive Störung, gegenwärtig in Remission
Arterielle Hypertonie (anamnestisch)
Aneurysma der Aorta ascendens (4,4 cm)
Hypothyreose
Vorhofflimmern
cCT vom 4.8.2022: Zeichen der diffusen vaskulären Encephalopathie mit multiplen Durchblutungsstörungen, möglicherweise als lakunäre Defekte zu werten bei Herzrhythmusstörungen
Antikoagulation: Eliquis aktuell pausiert
Chronische Niereninsuffizienz, KDIGO Grad 3a
Dranginkontinenz
Degeneratives BWS-Syndrom
Degeneratives HWS-Syndrom mit Bandscheibenschaden HWK 2/3,3/4,4/5
Osteodiskoligament bedingte höhergradige Neuroforamenstenose lumbal, Z. n. Kompressionsfraktur LWK 2 und LWK 1
Gelenkschmerz und Bewegungseinschränkung in beiden Schultern 
Omarthrosen mit Gelenkerguss bds, Gelenkzysten bds.
Konservative Therapie zeigte keine nachhaltige Besserung, fehlender OP-Fähigkeit, Z. n. analgetischer und antiphlogistischer Bestrahlung 09/2022
Gonarthrose bds.
Z. n. Mamma-Ca rechts
Z. n. Leistenherniotomie nach Lichtenstein bei direkter Leistenhernie rechts am 14.12.2021","Im Rahmen der Vorstellung in der Geriatrischen Instituts- und Sturzambulanz fielen mehrere Komponente einer Gangstörung und Sturzneigung sowie Schwindel auf:

ad 1) 
Den beschriebenen Schwindel konnten wir a.e. im Rahmen eines Benommenheitsschwindels bei Orthostatischer Hypotension bei bekanntem Parkinsonsyndrom einordnen. In einem Schellong-Teste zeigte sich ein deutlicher Abfall des systolischen RRs unter Orthostase, bei insgesamt aber hohen RR-Werten.
Wir empfehlen diesbzgl. die Anpassung der Medikation mit Reduktion und Absetzen des Verapamil als ersten Schritt. Lt. Pat. sei dieses wegen Bluthochdruck eingenommen, hat aber bzgl. OH ein ungünstiges NW-Profil, es sollte, ggf. nach kardiologischer RS eine Umsetzung auf ein Sartan/ACE Hemmer oder Betablocker erfolgen, ggf. unter Einsatz eines LZ-RR. Auch eine erneute LZ-EKG Messung insb. nach Absetzen der Verapamilmedikation sollte bzgl. Frequenzkontrolle VHF erfolgen.
Hinweise auf einen Bengingen paroxysmalen Lagerungsschwindel ergaben sich in einem Dix-Hallpike Manöver aktuell nicht.
Wir empfehlen darüber hinaus zunächst nicht-medikamentöse Maßnahmen zur Reduktion der OH einzuleiten: Kompressionsstrümpfe bis zur Leiste Klasse 2-3, Kompressiv-elastische Bauchbinde, Bahnungsmanöver und Muskelpumpe vor dem Aufstehen, Flüssigkeitsbolus vor dem Aufstehen (ca. 400ml in 5min), Oberkörperhochlagerung bei Nacht.
Sollten die nicht-medikamentösen Maßnahme nicht erfolgreich sein, kann ggf. eine Therapie mit Fludrocortison unter entsprechender Ulkus und Osteoporoseprophylaxe erwogen werden.


ad 2) 
Es fiel in eine hypokinetisch-rigide Gangkomponente im Rahmen des idiopathischen Parkinsonsyndroms auf. Insgesamt zeigte sich die Bewegungsstörung aber eher mit hyperkinetischen als hypokinetischen Phasen, wobei beide von der Pat. beschrieben werden. Die posutale Instabilität erscheint der wesentliche Faktor der Sturzgefahr zu sein.
Die differenzierte dopaminerge Medikation kann alle zu der OH ebenfalls beitragen. Sollte o.g. Umstellung der Verapamilmedikation und die nicht-medikamentösen Maßnahme keinen ausreichenden Effekt haben, dann kann die Reduktion oder das Absetzen der Ropinirolmedikation erfolgen.
Wir empfehlen darüber hinaus als therapeutische Intervention ein gruppenbasiertes strukturiertes Sturzpräventionsprogramm bspw. nach dem Ulmer Modell (2-3x/Wo 30-60min) mit gezielten Übungen für Gleichgewicht und Kraft mit regelmäßiger Anpassung des Schwierigkeitsgrads an das individuelle Niveau. 
Die Teilnahme an einem strukturierten Krafttrainingsprogramm (z.B. medizinische Trainingstherapie, Gerätetraining) mit Fokus auf Schnell- und Explosivkraft (3 x pro Woche).
Ein Training des reaktiven Gleichgewichts durch Perturbationstraining, zum Beispiel Perturbationslaufband (SturzImpfung). Bei Interesse bei uns im Haus gerne Kontaktaufnahme über unsere Geriatrische Instituts- und Sturzambulanz unter 0731 187-181 (Telefon) oder sturzambulanz.bgu@agaplesion.de (Mail).

ad 3)
Es fiel außerdem eine apraktische Gangkomponente mit posturaler Instabilität sowie Verschlechterung der Parameter der Ganganalyse unter Doppel-Tätigkeits-Aufgaben (Dual task) auf. Diese sind oft auf (sub-)klinische kognitive Defizite bedingt. Ein Kognitives Screening ergab den Hinweise auf leichte kognitive Defizite. DD gehen wir von einem Mild cognitive impairment bis beginnendem leichten Demenzsyndrom im Rahmen des iPS aus.
Diesbzgl. empfehlen wir die Durchführung eines vollständigen kognitiven Kurztest wie z.B. MoCA und den Beginn einer Therapie mit einem Acetylcholinesteraseinhibitor, eine Reevaluation der Therapie sollte nach 6 Monaten durchgeführt werden.
Wir empfehlen darüber hinaus geränzend zu den unter 1) genannten Therapiemaßnahmen, dass diese gezielt auch unter Doppel-Tätigkeit durchgeführt werden, in kritischen Motoriksituationen im Alltag sollte dagegen auf volle Konzentration (z.B. keine Gespräche beim Gehen) geachtet werden, um weitere Sturzereignisse zu vermeiden.

ad 4)
Im Rahmendes Stuhlaufstehtests fiel bei dem Pat. eine leicht reduzierte Beinkraft auf. 
Wir empfehlen hierzu das unter 1) beschriebene ein regelmäßiges Krafttrainingsprogramm.

Im Rahmen eines Medikamentenreviews fielen als Fall risk increasing drugs zusätzlich zu Verapamil und den Dopaminergika noch Cipralex auf. Diese erscheint bei rez. depressiven Episoden, die aktuell in Remission sind, aber indiziert. Wir wiesen die Pat. darüber hinaus darauf hin, dass die Levodopa Medikation 1/2h vor oder 1h nach einer Mahlzeit einzunehmen ist.

Neben der Schwindel und Gleichgewichtsstörung gab die Pat. einen deutlichen Gewichtsverlust von ca. 10kg im vorausgehende Jahr an, klinische Hinweise auf eine Ursache (z.B. B-Symptomatik, Depression) ergaben sich aktuell nciht. DD kann diese mit den regelmäßige Hyperkinesien zusammenhängen. Dennoch sollte ein Tumorscreening in Betracht gezogen werden, soweit von der Patientin gewünscht.",,Thomas,1,,4,4,3,2,5,4,5,5,5,4,4,5,5,3,4,5,5,2,3,1,5,5,5,5,7554.0,1565.0,2321.0,0.7593589425086975,0.7582303881645203,0.8472962379455566,11,20,13,19,18,17
ID#08,Herr Schuster,"Multifaktorielle Gangstörung 
mit	1) 	sensibel-ataktischer Gangstörung und 
	2) 	unsystematischem Benommenheits-Schwindel
	3)	antalgisches Gangbild
		
bei	1A) 	Polyneuropathisches Syndrom unklarer Genese DD malnutritiv DD idiopathisch
			Empfehlung: weiterführende laborchemische und elektrophysiologische Abklärung ggf. Therapie
	1B)	Visusreduktion bei Z.n. Zentralarterienastverschluss LA und Einsatz Gleitsichtbrille
			DD arterio-arteriell-embolisch bei A. carotis interna Stenose links
			Empfehlung: Verlaufskontrolle Duplexsonographie, Sekundärprophylaxe mit ASS und Statin, Verzicht Gleitsichtbrille 
	2)	Orthostatische Hypotension bei zusätzlich bestehendem art. Hypertonus
			Empfehlung: LZ-RR, Anpassung Medikation, Kompressionstherapie der Beine und ggf. des Abdomens, Kopfhochlagerung, Bahnungsmanöver	
	3A)	Z.n. Knie-TEP bds. Knie-Umstellungs-Osteotomie re und anamnestisch Coxarthrose links
	3B)	Senkspreizfuß links
			Empfehlung: Einlagenversorgung
		
Anamnestisch Art. Hypertonus
Anamnestisch Hyperlipoproteinämie
Anamnestisch Z.n. Zentralarterienastverschluss LA
		DD arterio-arteriell-embolisch bei A. carotis interna Stenose links
		Empfehlung: Verlaufskontrolle Duplexsonographie, Sekundärprophylaxe mit ASS und Statin
Z.n. CTS OP links
Z.n. Schädlichem Gebrauch von Alkohol bis 1992",,"Im Rahmen der Vorstellung in der Geriatrischen Instituts- und Sturzambulanz fielen mehrere Komponente einer Gangstörung und Sturzneigung auf:

ad 1A) 
Es fiel eine sensibel-ataktische Gangstörung a.e. bei Polyneuropathie unklarer Genese auf. 
Wir empfehlen zur weiteren Abklärung eine laborchemische Diagnostik insb. bzgl. potenziell modifizierbarer Ursachen: Vitamin B12, Holotranscobalamin, Methylmalonsäure, Vit. B6, Vit B1, Folsäure, Serum-Ephorese (MGUS?), Vasculitisscreening (BSG, CRP; ANA, ANCA, Hepatitis C), HbA1c. Darüber hinaus empfehlen wir eine elektrophysiologische Untersuchung beim niedergelassenen Neurologen.
Wir empfehlen zur Behandlung der sensibl-ataktischen Gangkomponente: ein selbstständig durchgeführtes strukturiertes Sturzpräventionsprogramm mit Alltagsintegration nach dem LIFE Programm (life-alltagsuebungen.de) sowie ein hochintensives Ausdauertraining (extensive / intensives Intervalltraining am Laufband / Ergometer) gekoppelt an ein sensomotorisches Gleichgewichtstraining (bspw. Postoromed / Dividat). Zur neuronalen Stimulation empfiehlt sich ein niedrigfrequentes Vibrationstraining (<20 Hz) gekopplet an ein Krafttraining insbesondere der unteren Extremitäten.
Es wird empfohlen das Training in Form einer Med. Trainingstherapie anzuleiten und zu erarbeiten.
Zusätzlich ist ein Perturbationstraining z.B. auf einem Laufband zum Training von Ausfall uns Abfangschritten sinnvoll. Dieses kann im Rahmen der sog. SturzImpfung in unserer Ambulanz erfolgen. Bei Interesse und Fragen gerne Kontaktaufnahme über unsere Sturzambulanz unter Tel. 0731 187 181 oder Homepage www.sturzimpfung-ulm.de. 

ad 1B) 
Der Pat. berichtet von einer Visusstörung anch stattgehabtem Zentralartierenverschluss linksseitig sowie dem Einsatz einer Gleitsichtbrille. 
Zur Prophylaxe von erneuten cerebralen Durchblutungsstörungen sollte die bekannte ACI Stenose links duplexsonographisch kontrolliert werde, um einen Progress frühzeitig zu erkennen. 
Wir empfehlen den Wechsel von einer Gleitsicht zu separaten Fern- und Nahsichtbrillen vozunehmen, um die Raumwahrnehhmung zu verbessern.

ad 2)
Den beschriebenen Schwindel konnten wir a.e. im Rahmen eines Benommenheitsschwindels bei Orthostatischer Hypotension einordnen. Zugleich fiel aber auch ein erhöhter Blutdruck auf.
Wir empfehlen diesbzgl. die Anpassung der Medikation mit verlagerung der Candesartan und Tamsulosin-Medikation auf den Abendzeitpunkt Ggf. weitere Anpassungen nach LZ-RR.  Ein Ziel-RR von <140/85 mmHg sollte angestrebt werden.
Insgesamt erscheinen die Einschränkungen durch die OH eher geringer ausgeprägt. Wir empfehlen ggf. zunächst nicht-medikamentöse Maßnahmen zur Reduktion der OH einzuleiten: Kompressionsstrümpfe bis zur Leiste Klasse 2-3, ggf. kompressiv-elastische Bauchbinde, Bahnungsmanöver und Muskelpumpe vor dem Aufstehen, Flüssigkeitsbolus vor dem Aufstehen (ca. 400ml in 5min), Oberkörperhochlagerung bei Nacht.

ad 3) 
Es fiel eine leichte antalgische Gangkomponente sowie ein Senkspreizfuß linksseitig auf bei Z.n. mehrere Knie-TEP Operationen sowie einer bekannten Coxarthrose links.
Eine Schuheinlagenversorgung besteht bereits, einer bereits diskutierten Hüft-TEP-Operation steht der Pat. eher ablehnend gegenüber
Insgesamt schätzen auch wir den Anteil der orthopädischen Komponente als gringgradiger an der MFGS ein.


Im Rahmen eines Medikamentenreviews hinsichtlich Sturzrisiko erhöhender Medikamente (fall risk increasing drungs (FRID)) fiel die Einnahme von Tamsulosin auf, das aber ggf. bei Prostata Hyperpalsie eine Behandlungsnotwendigkeit darstellen könnte. Ggf. sollte eine Auslassversuch erwogen werden. Vitamin D ist in einer täglichen Dosierung von 1000 IE ausreichend dosiert. Ggf. sollte bei labrochemischem Mangel eine zusätzlich Calciumstubstitution erwogen werden.",,Thomas,1,,4,5,3,5,4,3,4,5,4,3,1,3,4,2,3,5,5,5,5,5,5,5,5,5,5155.0,1494.0,2505.0,0.7754742503166199,0.7455015778541565,0.8563671112060547,20,20,17,16,11,14
ID#09,Herr Maier,"Multifaktorielle Gangstörung 
mit 1) apraktischer Gangstörung und spastischer Gangstörung links
     2) rezidivierenden Stürzen 

bei 1) MCA-Infarkt rechts 2022 bei symptomatischer ACI Stenose rechts
MRT 12.12.24: postischämische Gliosezone rechts parietookzipital, supratentorielle Marklagergliosen, a.e. mikroangiopathischer Genese, fortgeschrittene Hirnparenchyminvolution mit Erweiterung der Liquorräume
     2) Lumbale Spinalkanalstenose mit H.a. Claudicatio spinalis
Neuroforamenstenose, Sponylolisthese LWK5/SWK1, Bandscheibenvorfall LWK 4/5
     3) Polyneuropatisches Syndrom, a.e. diabetogen
     4) Leichte kognitive Beeinträchtigung (MCI)
Ätiologie: a.e. vaskulär
MMSE 11/2024: 27/30 Punkten
MoCA 12/2024: 23/30 Punkten
DemTect 12/2024: 10/18 Punkten 
Liquordiagnostik Frühling 2024: kein Hinweis auf Alzheimer-Pathologie
     5) rezidivierende depressive Episode, aktuell remittiert ",,"Im Rahmen der Vorstellung in der Geriatrischen Instituts- und Sturzambulanz fiel bei Herrn Maier eine Gangstörung und leichte kognitive Einschränkungen auf. 

Die Ursachen der Gangstörung sind multifaktoriell anzusehen. Im motorischen Assessment zeigten sich neben einem generalisierten Kraftdefizit, Gleichgewichtsstörungen und eine reduzierte Ganggeschwindigkeit. Auffallend war zudem die beschriebene Schwäche im linken Bein mit einer spastischen Gangkomponente mit Nachziehen des linken Beines, die am ehesten im Rahmen der parietooccipitalen postichämischen Hirnläsion rechtsseitig erklärbar ist. Außerdem muss die vorbeschriebene Polyneuropathie als weiterer Faktor für die Gangunsicherheit und das erhöhte Sturzrisiko angesehen werden. 
Die lumbale Spinalkanalstenose limitiert Herrn Maier vor allem aufgrund der nach einigen Metern auftretenden lumbalen Schmerzen. 

Die vorliegenden digitalen Bilder des erfolgen cMRT zeigen neben der bekannten postischämischen Hirnläsion parietooccipital linksseitig eine leichtgradige subkortikale vaskuläre Encephalopathie und eine mäßige innere und leichte äußere Hirnatrophie. Die innere Hirnartrophie ist im Bereich des linken Seitenventrikelhinterhorns auch in Zusammenhang mit der stattgehabten cerebralen Ischämie zu sehen. Insgesamt erfüllt die Hirnatrophie aus unserer Sicht nicht die bildgebenden Kriterien eines Normaldruckhydrocephalus.

Neben der motorischen Einschränkungen fielen anamnestisch und auch in der erweiterten Kognitionstestung (MoCA 23/30 Punkten, DemTect 10/18 Punkten) milde kognitive Funktionseinschränkungen auf. In Zusammenschau der Befunde ist primär von einer vaskulären Genese auszugehen. Alltagsrelevante Einschränkungen wurden aktuell nicht berichtet, weswegen wir eine milde kognitive Einschränkung diagnostizieren. Eine medikamentöse Therapie kommt bei DD durch die bestehende anticholinerge Medikation ausgelöste Symptomatik aktuell nicht in Betracht. Eine erneute kognitive Testung im Verlauf möglichst nach Absetzen des Trimipramin (s.u.) ist empfohlen.

Im Rahmen eines Medikamentenreviews, insbesondere hinsichtlich Sturzrisiko erhöhender Medikamente (fall risk increasing drugs (FRID)), fiel die regelmäßige Einnahme von Trimipramin auf. Die Medikation ist aufgrund der anticholinergen Effekte auch in Hinblick auf eine mögliche Verschlechterung der kognitiven Einschränkungen nicht optimal. Wir empfehlen daher eine Umstellung der Medikation (s.unten). Auch Citalopram kann das Sturzrisiko erhöhen. In Anbetracht der nur geringen Dosis und der subjektiv guten Verträglichkeit kann die Einnahme weiter fortgesetzt werden. Sollte sich zukünftig aber weiterhin kein Hinweis auf depressive Episoden ergeben, sollte die Medikation mit Citalopram regelmäßig kritisch überprüft werden. 

Zusammenfassend ergibt sich aus den oben genannten Befunden das Bild einer Gangstörung mit erhöhtem Sturzrisiko und Hinweisen auf kognitive Funktionseinschränkungen. Im Fokus unserer therapeutischen Empfehlungen stehen dabei vor allem Kraftaufbau und Gleichgewichtstraining zur Verbesserung der Gangstörung. Daneben wäre eine Hilfsmittelanpassung (z.B. Walkingstöcke) zu überlegen. Geeignet wäre hierfür zum Beispiel eine ambulante Rehabilitation. Wir informierten den Patienten und seine Ehefrau über bestehende Angebote und gaben hierzu Informationsblätter aus. ","Empfehlungen für die weiterbehandelnden Ärzt*innen: 
- medikamentöse Empfehlungen: 
Ausschleichen der Medikation mit Trimipramin: bspw. zunächst Reduktion auf 25 mg, nach ca. 3 Wochen dann 12,5mg und dann Absetzversuch nach 3 Wochen. Da für Herrn Maier vor allem der schlafanstoßende und nicht der stimmungsaufhellende Effekt von Trimipramin im Vordergrund steht, kann als Ersatz und bei Bedarf eine Therapie mit Quetiapin (z.B. in der Dosierung von 25-50 mg) eingeleitet werden
regelmäßige Überprüfung der Medikation mit Citalopram 

- bzgl. der Kognitionseinschränkungen empfehlen wir eine Verlaufskontrolle in ca. 6 Monaten sowie die weitere Verlaufsbeobachtung bei anhaltenden oder progredienten Beschwerden ggf. Vorstellung in einer Gedächtnisambulanz (z.B. des ZfP Südwürttemberg in der Bethesda Klinik (Tel 0731 187 5317)).  

- wir empfehlen die Durchführung einer ambulanten Rehabilitation mit Fahrdienst und umfangreichen Therapieangeboten der Physiotherapie, Ergotherapie und Bewegungstherapie. Hier könnten verschiedene Hilfsmittel erprobt werden und die Kraft und das Gleichgewicht verbessert werden. Falls noch nicht erfolgt, bitten wir Sie, einen Antrag zu stellen.
Ein bereits vorausgefülltes Antragsformular finden Sie auf unserer Homepage: https://www.bethesda-ulm.de/fileadmin/Agaplesion_bkl-ulm/user_upload/BGU_amb._Reha_Kostenuebernahme_Fahrten_fuer_Hausarzt_2023-07-26.pdf

Empfehlung für die weiterbehandelnden Therapeut*innen

1. Die Durchführung einer ambulanten Rehabilitation s. oben) 
2. Die Integration eines sensomotorisches Gleichgewichtstraining zum Beispiel am Posturomed oder auf instabilen Unterlagen im Rahmen einer physiotherapeutischen Einzelbehandlung. Zudem Fokus auf Explosiv- und Schnellkrafttraining im Rahmen des Krafttrainings. 
3. Ein standardisiertes ggf. gesichertes Laufbandtraining im Rahmen einer physiotherapeutischen Einzelbehandlung oder zur Integration in Ihren bestehenden Trainingsplan z.B. im Fitnessstudio.
4. Die Verwendung von Nordic-Walking oder Wanderstöcken wurde ebenfalls mit Herr Maier besprochen und die Verwendung dieser wird empfohlen. ",Thomas,1,x,5,5,4,4,5,4,4,4,4,3,3,4,4,3,3,4,5,5,5,5,5,5,4,4,6392.0,1467.0,2269.0,0.6656016707420349,0.7196316123008728,0.7448521256446838,20,18,18,17,14,14
ID#10,Frau Förster,"Multifaktorielle Gangstörung 
mit	1) 	sensibel-ataktischer Gangstörung und 
	2) 	paretische und antalgische Gangstörung und
	3) 	Reduzierte Belastbarkeit
			
bei	1) 	Polyneuropathisches Syndrom unklarer Genese DD diabetogen DD malnutritiv
			Empfehlung: weiterführende laborchemisch DD-Abklärung ggf. Therapie
	1B)	Visusminderung bei V.a. diabetogene Retinopathie
			Empfehlung: Augfenärztliche Vorstellung und ggf. weiterführende Therapie
	2A)	V.a. Progress lumbale Spinalkanalstenose 
			mit DD L4 Radikulopathie re mit Quadriceps-Schwäche und Atrophie, S1-Syndrom links
			Empfehlung: MRT LWS, gezielte Therapie
	2B)	Trendelenburgzeichen rechts DD bei Glutealinsuffizienz bei Z.n. Hüft-TEP
	3A)	V.a. Obstruktives Schlaapnoesyndrom
			mit morgendlichen Kopfschmerzen, Tagesmüdigkeit
			Empfehlung: Schlaflaborabklärung und ggf. Verordnung einer CPAP-Therapie
	3B)	V.a. Herzinsuffizienz
			mit Beinödemen (gemischt vasogen und lymphogen)
			Empfehlung: kardiologische Anbindung und Abklärung
	3C)	COPD
	4)	Sarkopenie
		u.a. bei Fehlernährung durch schlecht sitzende Zahnprothese
		Empfehlung: Zahnärztliche Reevaluation  sowie Training und proteinreiche Nahrungsergänzung
	5)	V.a. Osteoporose
		Empfehlung: Abklärung beim Osteologen und ggf. Beginn einer spezifischen Osteoprosetherapie. 
		
	Z.n. Hüft-TEP bds. li 2021, re vor 2021
	Z.n. Knie-TEP links
	
Diabetes mellitus Typ 2
	anamnestisch seit ca. 8 Jahren bekannt, zuletzt HbA1y 7%
Hypothyreose
Rez. Harnwegsinfekte",,"Im Rahmen der Vorstellung in der Geriatrischen Instituts- und Sturzambulanz fielen mehrere Komponente einer Gangstörung und Sturzneigung auf:

ad 1A) 
Es fiel eine sensibel-ataktische Gangstörung a.e. bei Polyneuropathie diabetogener Genese auf. 
Wir empfehlen zur weiteren Abklärung eine laborchemische Diagnostik insb. bzgl. anderer potenziell modifizierbarer Ursachen: Vitamin B12, Holotranscobalamin, Methylmalonsäure, Vit. B6, Vit B1, Folsäure, Serum-Ephorese (MGUS?), Vasculitisscreening (BSG, CRP; ANA, ANCA, Hepatitis C). Ggf. kann eine elektrophysiologische Untersuchung beim niedergelassenen Neurologen die klinische Diagnose bestätigen.
Wir empfehlen zur Behandlung der sensibl-ataktischen Gangkomponente: eine physiotherapeutische, neurophysiologische Einzelbehandlung mit Schwerpunkt auf die Kräftigung der Glutealmuskulatur und der Muskulatur der Quadricepsgruppe. Zur Steigerung der Belastbarkeit empfehlen wir zudem ein hochintensives Ausdauertraining (extensives/ intensives Intervalltraining am Ergometer) gekoppelt an ein sensomotorisches Gleichgewichtstraining (bspw. Postoromed, Dividat). Dies könnte im Rahmen einer ambulanten Rehabilitation mit umfangreichen Therapieangeboten der Physiotherapie, Ergotherapie und Bewegungstherapie nach Beantragung bei der Krankenkasse in unserem Hause erfolgen.
Wir bitten um Beantragung der ambulanten geriatrischen Rehabilitation gemäß dem Musterformular 61B, das auf unserer Homepage heruntergeladen werden kann (https://www.bethesda-ulm.de/leistungsspektrum/therapie-zentrum/ambulante-geriatrische-rehabilitation)
Im weiteren Verlauf ist zudem die Teilnahme an einem gruppenbasierten Sturzpräventionstraining mit den Schwerpunkten auf funktionellem Krafttraining und Gleichgewicht (3 x pro Woche) empfohlen, um die Erfolge und Fortschritt langfristig zu sichern.

ab 1B)
Die Pat. beschreibt seit einigen Wochen eine deutliche Sehverschlechterung DD kommt hier eine diabetogene Retinopathie in Betracht, die ebenfalls die sensorische Gangunsicherheit verstärken kann.
Wir empfehlen eine Augenärztliche Abklärung, bis dahin sollte auf das Führen eine PKW verzichtet werden.

ad 2A und B) 
Es fiel in eine paretische und antalgische Gangstörung mit Hüftbeugeschwäche links und Trendelenburgzeichen rechts auf. 
Die Hüftbeugeschwäche kann DD durch ein anamnestisch vorbekannte lumbale SKS hervorgerufen worden sein (passend dazu auch ein S1 Syndrom linksseitig als Polyradikuläres Syndrom). Diesbzgl. empfehlen wir eine MRT Bildgebugn der LWS sowie die weiterführende orthopädische Evaluation. 
Das Trendelenburgzeichen berichtet die Pat. a.e. im Zusammenhang mit zwei stattgehabten Hüft-TEP Operationen, diese könnten rechtssetig zu einer Glutealinsuffizienz geführt haben. Wir empfehlen diesbzgl. eine röntgenologische Diagnostik zum Ausschluss einer Materiallockerung.
Es fiel zusätzlich eine reduzierte Beinkraft im Stuhlaufstehtest auf, diesbzgl. empfehlen wir eine proteinreiche Nahrungsergänzung z.B. mit proteinreicher Trinknahrung.

ad 3A, B, C)
Es fiel eine verminderte Belastbarkeit als ein Aspekt der Gangunsicherheit auf. Diese könnte DD auf die bekannte COPD sowie ggf. auch auf eine bisher nicht diagnostizierte Herzinsuffizienz sowie ein Obstruktuives Schlafapnoesyndrom zurückzuführen sein. 
Wir empfehlen eine kardiologische Vorstellung inkl. TTE zur DD einer Herzinsuffizienz und eine Vorstellung im Schlaflabor bzw. initial ambulantes Screening bzgl. des Verdachts auf ein OSAS.

ad 4)
Als weiteren Teil der reduzierte Belastbarkeit fiel der Verdacht auf eine Sarkopenie bei der Patientin auf.
Diese ist regelhaft im Alter mit verminderter körperlicher Aktivität und Fehlernährung assoziiert. Trotz unauffälligem Ernährungsscreening besteht der V.a. eine Fehlernährung, da die Pat. auf Grund eines falsch sitzenden Zahnersatzes zuletzt nur noch breiige und flüssige Konsistenzen zu sich nehmen konnte. Diesbzgl. empfehlen wir eine erneute zahnärztliche Reevaluation.
Darüber hinaus empfehlen wir das unter 1) und 2) genannte strukturierte Trainings und Ernährungsprogramm.

ad 5)
Auf Grund seines Alters, der Vorerkrankungen und der vorliegenden geriatrischen Syndrome besteht der V.a. eine Osteoporose Erkrankung. 
Wir empfehlen zur weiteren Abklärung eine Vorstellung beim niedergelassenen Osteologen (z.B. Praxis Spiess, NU oder Praxis Radlmayer, Ulm) sowie die Durchführung einer Knochendichtemessung sowie ggf. die Einleitung einer spezifischen Osteoporosetherapie. 
Die Substitution von Vitamin D sollte fortgeführt werden sowie je nach Laborwert auch die Subsitution von Calcium erfolgen.

Im Rahmen eines Medikamentenreviews hinsichtlich Sturzrisiko erhöhender Medikamente (fall risk increasing drungs (FRID)) fiel die Einnahme von Furosemid bei der Patientin auf, dieses ist in Abhängigkeit von der empfohlenen kardiologischen Abklärung aber weiterhin zur Regulation des Flüssigkeitshaushalts indiziert. Bzgl. der Medikation mit Empaglifozion sollte ggf. eine etwaige Assoziation mit den von der Patientin angegebenen rez. Harnwegsinfektionen geprüft werden. Da uns leider keine Laborwerte vorlagen, bitten wir darüber hinaus um Überprüfung der Dosierung des Metformin anhand aktueller Nierenwerte idealerweise anhand der eGFR Formel von Cockroft und Gault.",,Thomas,0,,5,5,4,5,5,3,4,5,3,4,4,3,5,3,4,4,5,5,5,5,5,5,5,5,6777.0,1639.0,3106.0,0.7811788320541382,0.7437292337417603,0.8195398449897766,20,20,19,17,14,16
ID#11,Herr Müller,"Multifaktorielle Gangstörung 
mit	1) 	sensibel-ataktischer Gangstörung und 
	2) 	hypokinetisch-rigider Gangstörung und
	3) 	apraktische Gangstörung	
		
bei	1) 	Demyelinisierende Polyneuropathie unklarer Genese 
			Empfehlung: Ggf. weiterführende laborchemisch Abklärung ggf. Therapie	
	2+3) V.a. atypisches Parkinsonsyndrom a.e. Tauopathie DD frontaler Hirnprozess
			stammbetonter Rigor, Hypomimie, Sprachverarmung, Dysphagie, posturale Instabilität
			Empfehlung: Cerebrale Bildgebung mittels cMRT und weiterführende Abklärung der Kognition inkl. MoCA Test		
			Empfehlung: Therapie unter Dual task Bedingungen, Therapieversuch ggf. mit Rivastigmin, ggf. auch erneut mit L Dopa im Verlauf
	4)	Sarkopenie

5) V.a. Osteoporose
	weitere Abklärung und Beginn mit spezifischer Osteoporosetherapie","Chronisches Schmerzsyndrom
Depression
Arterielle Hypertonie
Divertikulose
Z.n. Katarakt-OP
Glaukom rechts, Visus anamnestisch 10 % rechts","Im Rahmen der Vorstellung in der Geriatrischen Instituts- und Sturzambulanz fielen mehrere Komponenten einer Gangstörung und Sturzneigung auf:

ad 1) 
Es fiel eine sensibel-ataktische Gangstörung a.e. bei Polyneuropathie unklarer Genese auf. Diesbezüglich sei bereits eine neurologische Abklärung erfolgt. 
Falls noch nicht erfolgt empfehlen wir zur Abklärung eine laborchemische Diagnostik insb. bzgl. potenziell modifizierbarer Ursachen: Vitamin B12, Holotranscobalamin, Methylmalonsäure, Vit. B6, Vit B1, Folsäure, Serum-Ephorese (MGUS?), Vasculitisscreening (BSG, CRP; ANA, ANCA, Hepatitis C, HbA1c).
Wir empfehlen zur Behandlung der sensibl-ataktischen Gangkomponente: Ein Gruppenbasiertes strukturiertes Sturzpräventionsprogramm bspw. nach dem Ulmer Modell (2-3x/Wo 30-60min) mit gezielten Übungen für Gleichgewicht und Kraft mit regelmäßiger Anpassung des Schwierigkeitsgrads an das individuelle Niveau. Zudem das Erlernen bzw. Beüben von Kompensationsschritten.
Zusätzlich ist ein Perturbationstraining z.B. auf einem Laufband zum Training von Ausfall uns Abfangschritten sinnvoll. Dieses kann im Rahmen der sog. SturzImpfung in unserer Ambulanz erfolgen. Bei Interesse und Fragen gerne Kontaktaufnahme über unsere Sturzambulanz unter Tel. 0731 187 181 oder Homepage www.sturzimpfung-ulm.de. 

ad 2) 
Es fiel in eine hypokinetisch-rigide Gangkomponente im Rahmen eines möglichen atypischen Parkinsonsyndroms a.e. aus dem Formenkreis der Tauopathien auf. Klinisch imponiert das Beschwerdebild a.e. wie eine Progressive supranukleäre Blickparese.
Wir empfehlen zur weiteren Abklärung eine erneute cerebrale Bildgebung mittels cMRT zum Nachweis eines ggf. typischen Hirnatrophiemusters, vaskulärere Läsionslast sowie Ausschluss frontaler Hirnläsionen
Ggf. Vorstellung in der neurologischen Hochschulambulanz für Bewegungsstörungen, RKU Ulm

ad 3)
Es fiel eine apraktische Gangkomponente mit posturaler Instabilität, teilw. inadäquater motorischer Reaktion und Fußstellungen sowie Verschlechterung der Parameter der Ganganalyse unter Doppel-Tätigkeits-Aufgaben (Dual task) auf. Diese sind oft auf subklinische kognitive Defizite bedingt. Ein kognitives Screening ergab keine Hinweise auf leichte kognitive Defizite. DD gehen wir von einer Störung im Rahmen der oben beschriebenen DD atypischen Parkinsonerkrankung aus.
Wir empfehlen zur weiteren Abklärung eine gezielte kognitive Testung (z.B. normaler MOCA Test).
Wir empfehlen darüber hinaus geränzend zu den unter 1) genannten Therapiemaßnahmen, dass diese gezielt auch unter Doppel-Tätigkeit durchgeführt werden, in kritischen Motoriksituationen im Alltag sollte dagegen auf volle Konzentration (z.B. keine Gespräche beim Gehen) geachtet werden, um weitere Sturzereignisse zu vermeiden.

ad 4)
Im Rahmendes Stuhlaufstehtests fiel bei dem Pat. eine deutlich reduzierte Beinkraft auf. Somit ergaben sich Hinweise auf eine Sarkopenie, die ebenfalls zu Gangunsicherheit und allgemeiner Leistungseinschränkung beitragen kann. Wir empfehlen diesbzgl. eine proteinreiche Ernährung (mind. 1,2g/kg KG). Hierzu kann ggf. als Zwischenmahlzeit der Einsatz von hochkalorischen Nahrungsergänzungsmitteln z.B. auf Basis von leucin-angereichertem Molkeprotein sinnvoll sein. 
Zudem empfehlen wir ein regelmäßiges Krafttraining, welches vor allem explosives Krafttraining bzw. Schnellkrafttraining umfasst.

ad 5)
Auf Grund seines Alters, der Vorerkrankungen und der vorliegenden geriatrischen Syndrome besteht der V.a. eine Osteoporose Erkrankung. 
Wir empfehlen zur weiteren Abklärung eine Vorstellung beim niedergelassenen Osteologen (z.B. Praxis Spiess, NU oder Praxis Radlmayer, Ulm) sowie die Durchführung einer Knochendichtemessung sowie ggf. die Einleitung einer spezifischen Osteoporosetherapie. 
Wir empfehlen den Beginn einer Vitamin D Substitution sowie je nach Laborwert auch die Subsitution von Calcium.

Im Rahmen eines Medikamentenreviews hinsichtlich Sturzrisiko erhöhender Medikamente (fall risk increasing drungs (FRID)) fiel die Einnahme von Venlafaxin auf. Dies ist nach dem FORTA-Klassifikationssystem (“Fit for The Aged“) FORTA-Kategorie D. Dieses ist wahrscheinlich im Sinne einer Antriebssteigerung begonnen worden. Insgesamt erscheint uns der Einfluss auf das Sturzrisiko gering, ggf. empfehlen wir eine Reevaluation nach Abschluss der Differentialdiagnostik.","1. Cerebrale Bildgebung mittels cMRT zur Abklärung eines atypischen Parkinsonsyndroms, vaskulärer Encephalopathie sowie Ischämien. 

2. Ggf. laborchemische Diagnostik insb. bzgl. potenziell modifizierbarer Ursachen einer Polyneuropathie (s.o.).

3. Abklärung Osteoporose mit Knochendichtemessung, beginn einer Basistherapie mit Vitamin D3 1000IE 1-0-0 und Calcium 600mg 1-0-0 (nach Ausschluss Hypercalcämie)

4. Die Durchführung einer ambulanten Rehabilitation mit umfangreichen Therapieangeboten der Physiotherapie, Ergotherapie und Bewegungstherapie. Die Antragsstellung läuft über Ihren Artz bzw. Ihre Ärtzin.

5. Die Teilnahme an einem strukturierten Krafttrainingsprogramm (z.B. medizinische Trainingstherapie, Gerätetraining) mit Fokus auf Schnell- und Explosivkraft (3 x pro Woche). Ergänzend hierzu ist eine proteinreiche Ernährung (mind. 1,2g/kg KG) empfohlen. 

6. Für weiterbehandelnden Physiotherapeuten: 
Gezieltes Boden-Aufstehtraining, zum Beispiel nach der Backward Chaning Methode.
Koordinatives Training bzw. kognitiv-motorisches Training unter dual-tasking.
Ein standardisiertes ggf. gesichertes Laufbandtraining (auch mit Perturbation und unter dual-tasking).",Thomas,0,x,5,5,4,5,5,4,4,4,4,3,3,4,4,3,2,4,5,5,4,5,4,4,3,4,6490.0,1473.0,1870.0,0.659818172454834,0.706818163394928,0.7412436604499817,19,15,19,17,14,13
ID#12,Frau Schmidt,"V.a. dement. Entwicklung, am ehesten vom gemischten Typ (Alzheimer/Vaskulär)
- 26.4.22: MOCA 15/30, MMSE 25/30, Dual-Tasking 04/22
- 29.5.24: MOCA 16/30 P. MMSE 24/30 P.

Tinnitus, Cephalgien, aktuell keine Symptomatik

Depressive Episoden (aktuell euthym)","Leichtgradige Aortenklappenstenose mit normaler LV Funktion
Art. Hypertonus

V.a. Zyste linke Niere DD dilatierter Nierenkelch 

Axiale Hiatushernie, Typ C Gastritis
Hyperplastische Colonpolypen, Polypektomien 05/2008 und 07/2017
Sigmadivertikulose Hämorrhoiden Grad 1.

Rechtskonvexe BWS Skoliose
Polyneuropathie anamnestisch, keine relevanten Einschränkungen des Vibrationsempfindes bds.","Frau Schmidt stellt sich heute erneut alleine in unserer Privatambulanz vor bei fremdanamnestisch beobachteten zunehmenden kognitiven Defiziten. In der Kommunikation ist sie offen, kooperativ und freundlich zugewandt. 
Sie ist bisher weitestgehend selbstversorgend.

Es besteht eine leichte Hypakusis. Hörgeräte hat die Patientin keine. Lesebrille hat Pat nicht dabei, jedoch laut eigenen Angaben keine Sehverschlechterung. Liest sehr häufig ohne Brille. Täglich liest sie morgens 2 Zeitungen.

In der Mobiltät ist die Patientin ohne Hilfsmittel mobil.  
Stürze und Schwindel werden verneint.
Nach eigenen Angaben arbeitet sie immer noch viel im Garten, was ihr sehr viel Freude bereitet. Soziale Kontakte pflegt sie mit einer Freundin, mit der sie täglich telefoniert. Ihre beste Freundin ist leider letztes Jahr überraschend verstorben.

Laut Patientin im Moment keine Einnahme einer festen Medikation.

Die Osteoporosetherapie mit Vit. D und Calcium wird aktuell nicht durchgeführt. Es sollte der Calciumspiegel sowie der Vit. D Spiegel bestimmt werden. Bei ausreichend calciumreicher Kost könnte bei normalem Calciumspiegel ggf. auf eine Calciumsubstitution verzichtet werden. Vit. D sollte zumindest über die Wintermonate regelmäßig eingenommen werden (1000 IE tgl.).

Zum Zeitpunkt der Vorstellung lagen uns leider keine Laborergebnisse vor.

Eine ambulante Rehabilitation in unserem Hause möchte die Patientin weiterhin nicht, da Sie ihren Tagesablauf so gestalten möchte wie sie möchte und keine regelmäßigen Termine haben will. Sämtliche Flyer ambulante Reha, Beweglichkeitstraining sowie Daheim Dank digital wurden der Patientin mitgegeben.

In der kognitiven Testsituation möchte die Pat. aufstehen und gehen, da ihr ""ein Termin eingefallen sei, den sie vergessen habe"" (Haushaltshilfe).
Zusammenfassend zeigte sich jedoch im Vergleich zur Vorstellung vor 2 Jahren keine nennenswerten Verschlechterung in der Kognition. Es ist weiterhin vorwiegend das Kurzzeitgedächtnis betroffen. Klinisch besteht der dringende Verdacht auf eine dementielle Entwicklung (DAT) mit Gedächtnis- und Orientierungsstörung sowie Einschränkungen in der Alltagssituation durch fehlerhafte Planung und Problemlösestrategien.
Eine depressive Störung besteht aktuell nicht und somit auch keine Indikation für eine entsprechende Therapie. 
Eine cerebrale Bildgebung war bereits erfolgt sowie eine neurologische Beurteilung. In der Bildgebung zeigte sich eine mäßiggradige Microangiopathie.
Zur weiteren Sicherung der Diagnose Alzheimer-Erkrankung wäre grundsätzlich eine Lumbalpunktion mit Bestimmung der Demenzmarker indiziert. Ggf. kann diese z.B. über die Gedächtnisambulanz des ZfP Ulm in unserem Hause (Tel 0731 400697-5312) durchgeführt werden.
Grundsätzlich kann eine Medikation mit einem Acetylcholinesteraseinhibitor z.B. Rivastigmin Pflaster 4,6mg/24h mit Aufdosierung nach 4 Wo auf 9,5mg/24h unter EKG Kontrolle als Therapieversuch unternommen werden. Die Pat. zeigte sich jedoch bzgl. sämtlicher vorgeschlagener medikamentöser Therapieoptionen überaus kritisch.

Vielen Dank für die freundliche Überweisung der Patientin in unsere Privatambulanz. Bei Rückfragen können Sie sich gerne melden.  ","Vit D regelmäßig zumindest über die Wintermonate
Labor: TSH, Vit. B12, Folsäure, Vit. D, wenn noch nicht erfolgt. Laborwerte lagen uns leider nicht vor.
amb. Reha (möchte Frau Schmidt nicht, wäre aber geeignet für eine Stabilisierung der Mobilität/Prävention Immobilität)
Notrufknopf oder Notrufuhr empfohlen 
Osteoporosetherapie: bitte Re-Evaluation (keine sichere Vortherapie bekannt, ggf. DXA)
Impfempfehlungen: Pneumokokken und ggf. Herpes zoster zu den routinemäßig durchgeführten Impfungen (Impfpass nicht vorliegend)
Grundsätzlich wäre eine Lumbalpunktion mit Bestimmung der Demenzmarker indiziert. Ggf. Gedächtnisambulanz des ZfP Ulm in unserem Hause (Tel 0731 400697-5312)",Thomas,1,,5,4,4,5,5,5,5,5,2,2,1,4,3,3,3,3,5,5,5,4,5,5,5,4,4568.0,1501.0,1488.0,0.7101776003837585,0.683753252029419,0.720371663570404,19,19,18,20,9,12
ID#13,Herr Schmidt,"Multifaktorielle Gangstörung 
mit	1) 	sensibel-ataktischer Gangstörung und 
	2) 	apraktischer Gangstörung
		
bei	1) 	Polyneuropathisches Syndrom unklarer Genese DD malnutritiv DD idiopathisch
			Empfehlung: weiterführende laborchemisch Abklärung ggf. Therapie	
	2)	V.a. demenzielles Syndrom DD vom Alzheimertyp
			aktuell fehlendes Zeitkriterium von >6 Monaten
Betonte Merkfähigkeitsstörungen im MoCA 19/30 Punkten Hinweise auf leicht bis 	mäßige kognitive Störungen
cCT: Bimesiotemporal betonte mäßige Hirnartophie, wenig subkoritkale vaskuläre Encephalopathie, Ausschluss symptomatische Ursache
			aktuell kein Hinweis auf manifestes depressives Syndrom
Empfehlung: ggf. weitere Abklärung mittels LP zur Sicherung der Alzheimerpathologie, Therapieversuch mit Rivastigmin bei V.a. Mild cognitive impairment im Sinne einer beginnenden Demenz bei Parkinson (PDD)
	3)	Dekonditionierung nach stattgehabter DD Corona-Infektion 11/23
	4) 	Chronische Lumbalgien

V.a. Presbyakusis
	Hörgeräteversorgung empfohlen","Bradyarrhythmia absoluta bei VHF
	Z.n. VVI Herzschrittmacherimplantation bei symptomatischer BAA
	OAK mit Apixaban
Z.n. fragl. Abgelaufenem Myokardinfarkt bei Thrombus im LAA im Kardio MRT 12/22
Aortenklappenstenose Grad 1
Colon descendens CA 02/2018
	Hemikolektomie links, keine adjuvante Therapie
Axiale Hiatusgleithernie
Ösophagusvarizen Grad 1 06/21
Cholecystitis mit Cholezystektomie 06/21
Spinozelluläres Karzinom präaurikulär links mit Excision 05/23 ","Im Rahmen der Vorstellung in der Geriatrischen Institutsambulanz fielen mehrere Komponenten der Gangunsicherheit/ Schwindelbeschwerden sowie kognitiven Defizite auf:

ad 1) 
Es fiel eine sensibel-ataktische Gangstörung a.e. bei Polyneuropathie bisher unklarer Genese auf die zu den beschriebenen Schwindelbeschwerden beitragen können. 
Wir empfehlen zur weiteren Abklärung eine laborchemische Diagnostik insb. bzgl. potenziell modifizierbarer Ursachen: Vitamin B12, Holotranscobalamin, Methylmalonsäure, Vit. B6, Vit B1, Folsäure, Serum-Ephorese (MGUS?), Vasculitisscreening (BSG, CRP; ANA, ANCA, Hepatitis C), HbA1c, Blutzuckertagesprofil. Zusätzlich kann eine elektorphysiologische Messung beim niedergelassenen Neurologen zur Sicherung der Diagnose erfolgen.
Wir empfehlen zur Behandlung der multifaktoriellen Gangstörung die Durchführung einer ambulanten geriatrischen Rehabilitationsmaßnahme in unserem Hause. Hierbei sollen Gleichgewicht, Kraft und Ausdauer trainiert werden inkl. sensomotorisches Gleichgewichtstraining (bspw. Postoromed /Dividat). Die Beantragung der Rehamaßnahme kann mit dem Muster 61, dass auf unserer Homepage zum Download bereitsteht erfolgen. Das Belegugnsmanagement der Ambulanten Reha kann unter Tel. 0731 187 116 erreicht werden.
Darüber hinaus empfehlen wir ein gruppenbasiertes strukturiertes Sturzpräventionsprogramm bspw. nach dem Ulmer Modell (2-3x/Wo 30-60min) mit gezielten Übungen für Gleichgewicht und Kraft mit regelmäßiger Anpassung des Schwierigkeitsgrads an das individuelle Niveau dauerhaft durchzuführen, ggf. kombiniert mit Gerätetraining im Fitnessstudio. Hier lokale Möglichkeiten sondieren in Sportvereinen/Krankenkassen - Alternativ Bethesda bewegt (Entfernung?)
Ggf. ist zusätzlich auch ein Perturbationstraining z.B. auf einem Laufband zum Training von Ausfall uns Abfangschritten sinnvoll. Dieses kann im Rahmen der sog. SturzImpfung in unserer Ambulanz erfolgen. Bei Interesse und Fragen gerne Kontaktaufnahme über unsere Sturzambulanz unter Tel. 0731 187 181 oder Homepage www.sturzimpfung-ulm.de. 

ad 2) 
Es fielen kognitive Defizite mit Wortfindungsstörungen und Konzentrationsproblemen im klinischen Eindruck und insb. Merkfähigkeitsstörungen bei insgesamt leicht bis mäßiggradigen Defiziten im kognitiven Kurztest MoCA (19/30) auf. Wir gehen a.e. von einem beginnenden demenziellen Syndrom a.e. vom Alzheimertyp aus. Das formale Zeitkriterium einer chron.-progredienten Verschlechterung > 6Monate ist aktuell aber noch nicht sicher erfüllt. Wir empfehlen daher eine Verlaufskontrolle des kognitiven Kurztests in ca. 3 Monaten. Die abrupte Verschlechturng unter der Corona-Infektion im Nov 23 könnte einem Delir mit Demaskierung der vorher gut kompensierten leichten Defiziten entsprechen. Auch bzgl. des unsystematischen Schwindels und Gangunsicherheit könnten die kognitiven Defizite im Sinne einer Gangapraxie einen Anteil leisten.
Die vorliegende cCT Bilder zeigen keine symptomatische Ursache und eine leicht bis mäßiggradige bimesiotemporal betonte Hirnatrophie, keine relevante SVE.
In einem GDS 15 Screening und anhand des klinischen Eindrucks ergab sich kein H.a. ein manifestes depressives Syndrom.
Wir empfehlen eine laborchemische Diagnostik zur Identifikation möglicher symptomatischer Ursachen des demenziellen Syndroms: Blutbild, Elektrolyte (Na, K, Ca), Nüchtern-Blutzucker, TSH, Blutsenkung, CRP, GOT, Gamma-GT, Kreatinin, Harnstoff, Vitamin B12, B1, B6.
Wir diskutierten mit dem Pat. und seinem Sohn die Durchführung einer Lumbalpunktion zum Nachweis der Alzheimerpathologie, z.B. über den niedergelassenen Neurologen Prof. Riecker oder die Gedächtnisambulanz des ZfP Südwürttemberg in der Bethesda Klinik (Tel 0731 187 5317). Hier waren beide ambivalent bis eher zurückhaltend.
Wir empfehlen davon unabhänig den medikamentösen Thearpieversuch mit einem Acetylcholinesteraseinhibitor z.B. Rivastigmin sowie die Verlaufsevaluation nach 6 Monaten bzgl. des Therapieffektes. 
Wir empfehlen darüber hinaus ergänzend zu den unter ad 1) genannten Therapiemaßnahmen, diese unter Dual-Task-Bedingungen durchzuführen

Wir empfehlen bei klinischen Eindruck der Presbyakusis (Altersschwerhörigkeit) die Versorgung mit Hörgeräten.

Wir empfehlen das Nachholen einer zumindestens einmaligen Corona Impfung, bei a.e. stattgehabter Corona-Infektion 11/23 zur Boosterung eines Immunschutzes.

Auf Grund seines Alters, der Vorerkrankungen und der vorliegenden geriatrischen Syndrome besteht ggf. auch der V.a. eine Osteoporose Erkrankung. 
Wir empfehlen zur weiteren Abklärung eine Vorstellung beim niedergelassenen Osteologen (z.B. Praxis Spiess, NU oder Praxis Radlmayer, Ulm) sowie die Durchführung einer Knochendichtemessung sowie ggf. die Einleitung einer spezifischen Osteoporosetherapie. Wir empfehlen den Beginn einer Vitamin D Substitution (vormalig im Labor 2022 vermindert) sowie je nach Laborwert auch die Substitution von Calcium.",,Thomas,1,x,5,5,4,4,5,4,4,5,2,4,4,3,2,4,1,3,5,4,4,5,4,4,3,4,6427.0,1498.0,2395.0,0.7120653986930847,0.7620688080787659,0.7923251986503601,18,15,18,18,13,10
ID#14,Herr Braun,"Multifaktorielle Gehstörung
Leichtgradige sensible Afferenzstörung, a.e. zentral
Leichtgradige Sarkopenie
Chronische Schmerzen der LWS
Sturzangst","Systolikum DD bei Aortenklappenstenose
	weiterführende Diagnostik mittels TTE
Vorhofflimmern
Herzinsuffizienz
Spinalkanalstenose (anamnestisch)","Herr Braun stellte sich aufgrund einer Gangunsicherheit mit Sturzangst in unserer Sturzambulanz vor. Anamnestisch kam es vor 5 Jahren zu einem Sturz, seither ist der Patient sehr vorsichtig und antizipiere sturzgefährdende Umstände. Grundsätzlich sei er trotz seiner 92 Lebensjahre noch sehr fit, die Gehstörung belaste ihn jedoch sehr und eine Ursache sei bisher nicht gefunden worden. In der klinischen Untersuchung zeigte sich eine leichtgradige Sarkopenie, eine leichtgradige zentrale Afferenzstörung der Beine und eine Sturzangst, zudem leidet der Patient an chronischen Schmerzen in der LWS durch Spinalkanalstenose, die zusammen seine Gehstörung bedingen. Die Ursache der Afferenzstörung ist womöglich in Marklagerläsionen (""weißer Fleck"" im MRT) zu sehen, jedoch kann ein Hinterstrang-Syndrom nicht ausgeschlossen werden, sodass sich eine Bestimmung des Vitamin B12 und Folsäure empfiehlt. Der Leidensdruck des Patienten entsteht durch die Sturzangst, was durch ein vorsichtiges Pertubationstraining beübt werden kann. Die Sarkopenie kann mit Krafttraining und proteinreicher Diät behandelt werden. Die chronischen Schmerzen können durch eine medikamentöse Dauertherapie behandelt werden; aktuell wünscht der Patient diese jedoch nicht. 

An Sturzrisiko-erhöhenden Medikamenten fällt eine sequentiellen Nephronblockade bei dem Patienten auf (Indapamid und Torasemid). Aus geriatrischer Sicht sollte auf eine Monotherapie mit Torasemid deeskaliert werden, sofern der Patient dies verträgt. Bei anamnestischer Herzinsuffizienz ist zudem der Beginn einer spezifischen Therapie zu prüfen. Bei aufgefallenem Systolikum kommt DD eine Aorteklappenstenose infrage. Die aktuell beschriebene Schwindelsymptomatik entspricht klinisch nicht sicher einem präsynkopalem Schwindel, auch werden keine Synkopen berichtet. Falls bisher noch nicht erfolgt, kann eine TTE durchgeführt werden, was zudem eine bessere Differenzierung der Herzinsuffizienz erlaubt.

Zum Wahrnehmen der Therapien bieten wir eine ambulante geriatrische Rehabilitation an. Falls diese nicht stattfinden kann, ist auch eine ambulante Therapie möglich.
Zusätzlich zur Gehstörung ergaben sich Hinweise auf eine leichtgradige Störung der Mnestik. Diese hat aktuell noch keinen Krankheitswert, sollte jedoch beobachtet werden, und ggf. eine umfangreiche neuropsychologische Testung im Falle einer weiteren Verschlechterung erfolgen.","Bestimmung des Vitamin B12 und Folsäure Spiegels, ggf. Substitution
Pertubationstraining, mit zunächst sehr geringer Intensität bei Sturzangst Kontaktaufnahme: 0731 187-181 (Telefon) oder sturzambulanz.bgu@agaplesion.de (Mail). 
Physiotherapie mit dem Ziel: Krafttraining
Proteinreiche Diät
ggf. Ambulante geriatrische Rehabilitation
ggf. Einleiten einer medikamentösen Schmerztherapie
Falls noch nicht erfolgt: Kardiologische Vorstellung zur Durchführung eines TTE, Anpassung antihypertensive Medikation
Beobachten der mnestischen Defizite, ggf. neuropsychologische Testung bei Verschlechterung",Thomas,1,,5,4,4,5,5,5,4,4,4,5,5,4,3,4,4,4,4,1,5,5,5,5,5,5,3330.0,1452.0,1708.0,0.7718990445137024,0.733389139175415,0.8398240804672241,15,20,18,18,18,15
ID#15,Herr Förster,"Exacerbation chronischer Lumboischialgien 
mit 	beginnender Claudicatio spinalis, kein Hinweis auf sensomotorische Defizite oder Blasen-/Mastdarmstörungen
bei 	bekannter lumbaler Spinalkanalstenose L2/3 mit subtotaler Stenosierung

Manifeste Osteoporose
mit 	T-Score -4,1 an LWS
	Empfehlung: Vitamin D Substitution, Beginn spezifischer Osteoporosetherapie ggf. auch osteoanabol

Sensibel-ataktische Gangstörung
bei	1A) Polyneuropathisches Syndrom unklarer Genese DD malnutritiv DD idiopathisch
			Empfehlung: weiterführende laborchemisch Abklärung ggf. Therapie, gezielte Übungstherapie
	1B) DD o.g. Lumbale SKS
	2) Dual Task Probleme ohne Hinweise auf kogntive Defizite

Z.n. Katarakt OP bds.
Kleine Postischämische Läsion Marklager links (cMRT 2019)","AA bei VHF
	OAK mit Apixaban
arterieller Hypertonus
Migräne mit Aura
Harnleiterstein 2016","Der Pat. stellte sich erneut zur Verlaufsbeurteilung sowie der Bitte um Befundeinordnung einer MRT LWS sowie einer Osteodensitometrie bei uns vor. Die beschriebenen unter Belastung zunehmenden pseudoradikulären lumboischialgieformen Schmerzen der LWS können als beginnende Claudicatio spinalis gewertet werden. Klinisch-neurologisch zeigte sich in der Vorstellung sowie glaubhaft anamnestisch unter Belastung jedoch kein Hinweis auf sensomotorische Defizite, Blasen oder Mastdarmstörungen.
In der Vidierung der mitgebrachten digitalen MRT-Bildgebung von LWS vom 30.09.2024 zeigte sich eine hochgradige subtotale Spinalkanalstenose Höhe LWK 2/3 ohne größere assoziierte neuroforaminale Stenosen. Lt. Pat. bei der Befundbesprechung mit dem Radiologen ein Progress der Stenose beschrieben worden, eine Vorbildgebung oder ein radiologischer Befund liegt uns leider nicht vor.
In der durchgeführten computertomografischen Osteodensitometrie vom 8.10.2024 zeigt sich eine deutliche Osteoporose mit einem durchschnittlichen T-Wert der Lendenwirbelsäule von -4,1 passend zu einer manifesten Osteoporose. Laut Patient ist über seinen behandelnden Orthopäden aktuell eine antiresorptive Bisphosphonattherapie nach Sanierung des Zahnstatus geplant.
In der Zusammenschau besteht aus unserer sicht bei aktuell fehlenden neurologischen Ausfallerscheinungen keine sichere Indikation zur operativen Versorgung der lumbalen SKS. Die beschriebene Schmerzexacerbation ist DD als Claudicatio spinalis zu diskutieren, kann ggf. aber auch im Rahmen der ebenfalls bekannten ISG Beschwerden auftreten. Insgesamt besprachen wir mit dem Patienten zunächst die Option eines konservativen Therapieversuchs ggf. auch mit einer regelmäßigen oralen Schmerztherapie, z.B. mit regelmäßig eingenommenen PCM oder bei Therapieversagen Metamizol +/- Tilidin sowie krankengymnastischer Übungsbehandlung anzuwenden. Auch die geplante spezifische Osteoporosetherapie kann zur Schmerztherapie beitragen und einen weiteren Progress reduzieren. Hier ist kann alternativ zu der geplanten antiresorptiven Therapie mit Bisphosphonaten gemäß DVO Leitlinie 2022 auch eine osteoanabole Therapie sinnvoll sein.
Sollte sich im Verlauf trotz konservativer Therapie ein Progress der Beschwerden ergeben oder eindeutige fokalneurologische Defizite zeigen, sollte die Option einer operativen Therapie ggf. reevaluiert werden.",,Thomas,1,,4,3,4,5,4,4,5,5,3,3,3,3,3,3,2,3,3,2,5,5,5,2,5,3,3268.0,1606.0,1505.0,0.7542673349380493,0.6845144033432007,0.8189753890037537,15,15,16,18,12,11
ID#16,Frau Unterwald,"Multifaktorielle Gangstörung 
- chronisches Schmerzsyndrom mit somatischen und psychischen Faktoren 
- degenerative Veränderungen (mehrere Bandscheibenvorfälle, Hüft-TP links, Bewegungseinschränkung Schulter links)
- rezidivierende Stürze
- Sturzangst
- Vd. auf milde kognitive Einschränkungen 
- Dranginkontinenz 
- Hör- und Sehminderung 
- Adipositas

Vd. auf Depression
- GDS 4: 4/4 Punkten

Arterielle Hypertonie

Diabetes mellitus Typ 2 
- orale antidiabetische Therapie ",Nierenzysten,"Im Rahmen der Vorstellung in der Geriatrischen Instituts- und Sturzambulanz fielen mehrere Komponenten einer Gangstörung und Sturzneigung auf:

Die zunehmende Mobilitätseinschränkung der Patientin ist in erster Linie auf das seit Jahren bestehende chronische Schmerzsyndrom zurückzuführen. Somatische Faktoren umfassen multiple degenerative Veränderungen der Wirbelsäule sowie der Hüft- und Kniegelenke. Zudem sprechen die Schilderungen der Tochter und die unzureichende Wirkung klassischer Analgetika für eine psychische Mitbeteiligung. Die Tochter beschreibt die Patientin als antriebslos und niedergeschlagen. Ein bei uns durchgeführtes Depressions-Screening (GDS-4) ergab mit vier Punkten deutliche Hinweise auf eine depressive Symptomatik.

Im Mobilitätstest konnte eine alltagsrelevante Einschränkung der Mobilität objektiviert werden, insbesondere aufgrund eines Kraftdefizits in den Beinen und einer reduzierten Gehgeschwindigkeit. Ein Zusammenhang der Stürze mit der neu begonnenen Tilidin-Therapie scheint möglich, wobei unabhängig davon ein erhöhtes Sturzrisiko besteht. Als weiterer Risikofaktor ist die von der Patientin geschilderte Sturzangst zu berücksichtigen.

Die kognitive Testung mittels MMSE zeigte milde Einschränkungen, wobei die Testdurchführung durch Sprachbarrieren und Analphabetismus erschwert war. Fremdanamnestisch wurden keine auffälligen Gedächtnisdefizite berichtet. Die kognitiven Einschränkungen könnten im Zusammenhang mit der depressiven Symptomatik stehen. Eine im Herbst 2024 durchgeführte cerebrale Bildgebung ergab laut Tochter keine Auffälligkeiten.

Im Rahmen des Medikationsreviews wurden insbesondere sturzfördernde Medikamente überprüft. Dabei fiel die Einnahme von Spasmex auf, dessen anticholinerge Effekte sowohl das Sturzrisiko als auch kognitive Einschränkungen begünstigen können. Wir bitten um erneute Überprüfung der Indikation (laut Tochter aufgrund von Nierenzysten) und empfehlen einen Absetzversuch. Darüber hinaus raten wir aufgrund des ungünstigen Nebenwirkungsprofils bei geriatrischen Patienten zur Beendigung der NSAR-Therapie mit Ibuprofen. Angesichts des Alters, der Vorerkrankungen und der vorliegenden geriatrischen Syndrome besteht der Verdacht auf eine Osteoporose. Daher empfehlen wir eine Knochendichtemessung sowie die Einleitung einer Vitamin-D-Substitution, ggf. auch einer spezifischen Osteoporosetherapie.

Zur Behandlung des chronischen Schmerzsyndroms kann eine (co-)analgetische Therapie mit dem Antidepressivum Duloxetin erwogen werden, das gleichzeitig eine stimmungsaufhellende Wirkung besitzt. Ergänzend wäre eine gesprächstherapeutische Behandlung in türkischer Sprache sinnvoll, wenngleich die Patientin dieser Option gegenüber eher ablehnend eingestellt ist.

Vorrangig sollten nicht-medikamentöse Maßnahmen zur Verbesserung der Mobilität und Sturzprävention im Fokus stehen. Besonders empfehlenswert sind strukturiertes Krafttraining, Sturzprävention, idealerweise im Rahmen einer ambulanten Rehabilitation. Wir bitten Sie, einen entsprechenden Antrag zu stellen.

Der Patientin und ihrer Tochter wurden hierzu Informationsmaterialien in Form von Flyern ausgehändigt.","Empfehlung an die weiterbehandelnden Ärzt*innen: 
- Absetzen der Medikation mit Spasmex und Ibuprofen, Reduktion der Dosis von Metamizol auf 4x 500 mg
- Beginn einer Osteoporose-Prophylaxe mit Vitamin D (bspw. 1000 IE/tgl), Empfehlung zur Knochendichtemessung beim niedergelassenen Osteologen (z.B. Praxis Spiess, NU oder Praxis Radlmayer, Ulm), ggf. Beginn einer spezifischen Osteoporosetherapie
- ggf. Beginn einer (co)-analgetischen Therapie mit Duloxetin (Anfangsdosis 30 mg) 
- wir bitten einen Antrag auf eine ambulante geriatrische Rehabilitation zu stellen.
- das Erstellen einer Vorsorgevollmacht und einer Patientenverfügung wurde der Tochter dringend empfohlen 
- wir empfehlen eine gesprächstherapeutische Behandlung in türkischer Sprache.

Empfehlung an die weiterbehandelnden Therapeut*innen: 
1. Die Durchführung einer ambulanten Rehabilitation mit umfangreichen Therapieangeboten der Physiotherapie, Ergotherapie und Bewegungstherapie. Die Antragsstellung läuft über Ihren Artz bzw. Ihre Ärtzin.

2. Die Teilnahme an einem gruppenbasiertes Sturzpräventionstraining mit den Schwerpunkten auf funktionellem Krafttraining und Gleichgewicht (3 x pro Woche). 

Bei Fragen Kontaktaufnahme über 0731 187-181 (Telefon) oder sturzambulanz.bgu@agaplesion.de (Mail).
 ",Thomas,0,,5,5,5,4,5,5,4,5,4,4,4,4,3,2,3,4,5,5,5,5,5,5,5,5,4968.0,1559.0,1511.0,0.8077203631401062,0.8117479085922241,0.8354060649871826,20,20,19,19,16,12
ID#17,Herr Maier,"Multifaktorielle Gangstörung
mit
hypkinetisch-rigidem Gangbild
rezidivierenden Stürzen
posturaler Instabilität

bei
Idiopathischem Parkinsonsyndrom ED 2023 DD atypisches PS DD vaskuläres PS
Hör-und Sehminderung
Frailty
Vd. auf kognitive Funktionseinschränkung
Energie- und Eiweißmangelernährung
Hüft-TEP links

Arterielle Hypertonie
Aktuell: hypertone Blutdruckwerte bei Vorstellung",,"Im Rahmen der Vorstellung in der Geriatrischen Instituts- und Sturzambulanz fielen bei Herrn Maier eine Gangstörung und Sturzneigung auf:

Die Gangstörung ist dabei multifaktoriell anzusehen. Als wichtigste Ursache ist sicherlich die bekannte Parkinson-Erkrankung anzusehen. Passend dazu zeigte sich in der Untersuchung ein kleinschrittiges hypokinetisch-rigides Gangbild mit schlurfendem Gang (re>li) und eine posturalen Instabilität. Auffallend war auch eine deutlich reduzierte Gehgeschwindigkeit sowie Freezing-Phänomene. Das Gleichgewicht war vermindert.
Wirkfluktuationen wurden vom Patienten nicht beschrieben. Insgesamt bemerke er aber kaum eine Veränderung der Mobilität nach Einnahme der Parkinsonmedikamente. Differentialdiagnostisch ist bei rasch progredientem Parkinsonsyndrom sowie a.e. parrallel aufgetretenen kognitiven Defiziten (s.u.) DD auch ein atypisches Parkinsonsyndrom, z.B. eine Lewykörperchen Demenzerkrankung oder ein sekundäres vaskuläres Parkinsonsyndrom in Betracht zu ziehen. Leider lagen uns bei Vorstellung keine neurologischen Vorbriefe oder cerebrale Bildgebungsbefunde vor. Bei guter Verträglichkeit ist eine probatorische Aufdosierung der Medikation aber in jedem Fall ist empfehlenswert (s.Empfehlungen/Procedere). Die beschriebene Verschlechterung der Gangunsicherheit in den letzten Wochen kann vom Patienten und seiner Frau keiner Ursache zugeordnet werden.

Als weitere Komponente der Gangunsicherheit ergeben sich mit einem erhöhten Punktwert im durchgeführten Ernährungsassessment Hinweise auf eine Mangelernährung. Herr Maier berichtete auch von einem Gewichtsverlust. Sicherlich ist von einer Energie- und Eiweißmangelernährung bzw. einer Sarkopenie auszugehen.

Eine orthostatische Dysregulation als Ursache der Stürze zeigte sich nicht.

Ein kognitives Screening ergab Hinweise auf kognitive Funktionseinschränkungen. Auch bei der Ganganalyse konnte eine Verschlechterung des Gangbildes unter Doppel-Tätigkeit-Aufgaben (Dual task) beobachtet werden. Diese können durch kognitive Defizite bedingt sein. Subjektiv berichtet Herr Maier von nur milden Einschränkungen, auch fremdnanamnestisch sei der Ehefrau keine Verschlechterung aufgefallen, wobei diese auch im klinischen Kontakt mit dem Pat. auffällt. Inwieweit die Rivastigmin-Therapie aufgrund von kognitiven Einschränkungen in der Vergangenheit begonnen wurde und wie der Verlauf damit war, kann von Pat. und Ehefrau aktuell nicht eingeschätzt werden.

Im Rahmen eines Medikamentenreviews hinsichtlich Sturzrisiko erhöhender Medikamente (fall risk increasing drungs (FRID)) fiel die regelmäßige Einnahme von Quetiapin auf. Leider konnte nicht eruiert werden, warum die Medikation begonnen wurde. Da das Risiko von Stürzen darunter deutlich erhöht ist und anamnestisch kein Delir oder Unruhe vorliegt, empfehlen wir ein schrittweises Ausschleichen von Quetiapin.

Zur Reduktion der Polypharmazie kann außerdem die Therapie mit Metamizol bei fehlenden Schmerzen reduziert bzw. beendet werden. Zur Osteoporose-Therapie sollte die Vitamin D-Einnahme gesteigert werden.
Aufgrund der erhöhten Blutdruckwerte kann auch ein Ausbau der Antihypertensiva erwogen werden.

Zusammenfassend zeigt sich bei Herrn Maier eine schwere Gangunsicherheit mit einem hohen Risiko für Stürze. Erfreulicherweise zeigt sich eine Verbesserung des Gangbildes unter Zuhilfenahme des Rollators. Im Fokus unserer weiteren therapeutischen Empfehlungen stehen zur Verbesserung der Gangstörung vor allem körperliches Training mit Kraftaufbau und Gleichgewichtstraining. Dies könnte bspw. im Rahmen einer Rehabilitation erfolgen. Daneben ist aber auch eine Anpassung der Medikation empfehlenswert.","Empfehlungen für die weiterbehandelnden Ärzt*innen:

medikamentöse Empfehlungen:
Parkinson: wir empfehlen eine Steigerung der Parkinsonmedikation mit anschließender Evaluation der Mobilität.
Neuroleptika: Die Therapie mit Quetiapin sollte aufgrund des Sturz-erhöhenden Effekts ausgeschlichen und im Verlauf gestoppt werden
Osteoporose: aufgrund des Alters, der Vorerkrankungen und der geriatrischen Syndrome besteht die Gefahr einer Osteoporose-Erkrankung. Wir empfehlen die Durchführung einer Knochendichtemessung sowie ggf. die Einleitung einer spezifischen Osteoporosetherapie. Die Vitamin D-Substitution sollte auf mind. 1000 IE/Tag gesteigert werden.
Schmerzmedikation: Die Therapie mit Metamizol sollte probatorisch ausgelassen werden.
Antihypertensiva: ggf. weiteres Steigern der Antihypertensiva. bspw. Ausbau Amlodipin oder Lisinopril
bei leichten Beinödemen empfehlen wir die Anpassung von Kompressionsstrümpfen Klasse II
bei H.a. Malnutrition empfehlen wir eine hochkalorische Nahrungssupplementierung z.B. mit proteinreicher Trinknahrung. Darüber hinaus empfehlen wir den laborschemischen Assschluss eines Vitamin B12, B6, B1 und Folsäure Mangels bzw. bei Nachweis die entsprechende Supplementierung.
wir empfehlen die Durchführung einer ambulanten Rehabilitation mit Fahrdienst und umfangreichen Therapieangeboten der Physiotherapie, Ergotherapie und Bewegungstherapie. Hier könnten verschiedene Hilfsmittel erprobt werden und die Kraft und das Gleichgewicht verbessert werden. Wir bitten Sie hierfür einen Antrag zu stellen.
Ein bereits vorausgefülltes Antragsformular finden Sie auf unserer Homepage: https://www.bethesda-ulm.de/fileadmin/Agaplesion_bkl-ulm/user_upload/BGU_amb._Reha_Kostenuebernahme_Fahrten_fuer_Hausarzt_2023-07-26.pdf
bzgl. der kognitiver Funktionseinschränkungen empfehlen wir eine Verlaufskontrolle in 3-6 Monaten und bei anhaltenden oder progredienten Beschwerden ggf. Vorstellung beim behandelnden Neurologen oder in einer Gedächtnisambulanz (z.B. des ZfP Südwürttemberg in der Bethesda Klinik (Tel 0731 187 5317)).
empfohlene Hilfsmittel: Notfallknopf, Hörgeräteanpassung
Empfehlung für die weiterbehandelnden Therapeut*innen

Die Teilnahme an einem strukturierten Krafttrainingsprogramm (z.B. medizinische Trainingstherapie, Gerätetraining) mit Fokus auf Schnell- und Explosivkraft (3 x pro Woche).
Die Teilnahme an einem gruppenbasierten Sturzpräventionstraining mit den Schwerpunkten auf funktionellem Krafttraining und Gleichgewicht (3 x pro Woche).
Ein Training des reaktiven Gleichgewichts durch Perturbationstraining, zum Beispiel Perturbationslaufband (SturzImpfung). Bei Interesse bei uns im Haus gerne Kontaktaufnahme über unsere Geriatrische Instituts- und Sturzambulanz unter 0731 187-181 (Telefon) oder sturzambulanz.bgu@agaplesion.de (Mail).",Thomas,1,x,5,5,5,5,5,5,4,5,4,4,4,5,4,2,2,4,5,5,5,4,5,5,5,5,6899.0,1332.0,2184.0,0.6826079487800598,0.7874881029129028,0.7318817377090454,19,20,20,19,17,12
ID#18,Herr Fischer,"Multifaktorielle Gangstörung 
mit	1) 	sensibel-ataktischer und 
	2) 	paretischer Gangstörung
	3)	DD Claudicatio intermittens DD spinalis
bei	1)+2) Sensomotorischer axonal-demyelinisierende Polyneuropathie, DD bei Diabetes mellitus Typ 2 DD kryptogen mit Peroneusläsion bds.
			Empfehlung: laborchemische Reevaluation der Ätiologie, Hilfsmittelversorgung
		DD Lumbale Spinalkanalstenose LWK 3/4 und LWK 4/5 mit L5 Syndrom bds
	3)	V.a. pAVK St. 2, re>li DD bei lumbaler SKS
			Empfehlung: Duplex/Doppler-Sonographie zum Nachweis bzw. Ausschluss einer pAVK
	4)	Funktionell reduzierte Beinkraft
			Empfehlung: Krafttraining und proteinreiche Ernährung
	5) 	manifeste Osteoporose
			Empfehlung: Beginn einer spezifischen Osteoporosetherapie
		Sturzangst

Cerebrale Ischämie mit Quadrantenanopsie re oben 2009
	kardiogen-embolischer Genese bei PFO und ASA
	Z.n. PFO Verschluss 2010
Chronisch-lymphatische Leukämie (CLL)
	watch and wait
Diabetes mellitus Typ 2
	HbA1c 2022 6.6%
Z.n. Fraktur Acetabulum re 01/22
Z.n. wiederholten Rippenfrakturen
art. Hypertonus
Benigne Prostathyperplasie
	Z.n. Harnverhalt mit transienter DK-Versorgung 02/22
Depressive Episode a.e. im Rahmen Anpassungsstörung 02/22
Z.n. Benignem paroxysmalen Lagerungsschwindel",,"Im Rahmen der Vorstellung in der Sturzambulanz fielen bei dem Pat. mehrere Komponente einer Gangstörung auf:

ad 1) 
Es fiel eine sensibel-ataktische Gangstörung a.e. bei Polyneuropathie auf. Diese wurde bisher als diabetogen eingeordnet, wobei der letzte vorleigende HbA1c Wert von 09/22 bei 6,6% eine gute BZ-Kontrolle suggeriert. Bei gleichzeitiger Progredienz der Beschwerden empfehlen wir eine erneute laborchemische Diagnostik insb. bzgl. potenziell modifizierbarer PNP-Ursachen: Vitamin B12, Holotranscobalamin, Methylmalonsäure, Vit. B6, Vit B1, Folsäure, Serum-Ephorese (MGUS?), Vasculitisscreening (BSG, CRP; ANA, ANCA, Hepatitis C).
Wir empfehlen zur Behandlung der ängstlichen und sensibl-ataktischen Gangkomponente: ein koordinatives Training / sensomotorisches Gleichgewichtstraining (bspw. Postoromed / Dividat) und ein gruppenbasiertes strukturiertes Sturzpräventionsprogramm bspw. nach dem Ulmer Modell mit regelmäßigen (2-3x/Wo 30-60min) gezielten Übungen für Gleichgewicht und Kraft mit regelmäßiger Reizprogression. 
Es besteht zudem die Eignung für ein innovatives Perturbations-Laufbandtraining zur Sturzprophylaxe (sog. Sturzimpfung). Dieses konnte in Studien die Sturzrate um bis zu 50% reduzieren. Bei Interesse gerne Kontaktaufnahme über unsere Geriatrische Instituts- und Sturzambulanz unter Tel. 0731 187 0 oder Homepage www.sturzimpfung-ulm.de.

ab 2)
Es fiel klinisch eine leichte Fußheberschwäche re sowie insb. im Rahmen der Ganganalyse eine leichte Fußheberschwäche auch links mit Steppergang im Sinne einer paretischen Gangkomponente auf. Diese ist DD im Rahmen der bereits durchgeführten neurologsichen und unfallchirurgischen Vorstellung 09/22 a.e. klinisch als rückläufig zu betrachten. 
DD kommt hier eine N. peroneusläsion im Rahmen der sensomtorosichen PNP DD aber auch die beschriebene lumbale SKS mit L5 Syndrom in Betracht. Die elektrophysiologische UNtersuchung von Prof. Weber spricht a.e. für die Nervenläsion als Ursache. Auch die klinische komplette Regedienz von 09/22 noch bestehenden Lumboischialgien spricht gegen eine relevante SKS.
Wir empfehlen o.g. laborchemische Diagnostik auch diesbzgl.
Zur Behandlung der paretischen Gangkomponente empfehlen wir empfehlen wir: eine Medizinische Trainingstherapie (MTT) insbesondere der lokale Stabilisatoren und ggf. eine Schiene oder Orthese, z.B. Fußheberschienen oder  Zügelsystemen zur Kompensation der Fußheberschwäche.

ad 3)
Der Pat. berichtet über belastungsinduzierte Schmerzen der Füße bds. bei klinisch reduzierten Puls der A. dorsalis pedis muss hier zunächst eine relevante pAVK als Ursache der Beschwerden ausgeschlossen werden. DD kommt auch eine Claudication spinalis abermals vor dem Hintergrund der bekannten SKS in Betracht.

ad 4)
Im Rahmen des Assessments fiel eine reduzierte Beinkraft im Stuhlaufstehtest auf. Wir empfehlen diesbzgl. ein gezieles Krafttraing (s.o.) sowie eine einweißreiche Ernährung, ggf- auch mit Nahrungs-Supplementen.

ad 5)
Bei dem Pat. fiel eine manifeste Osteoporose Erkrankung auf, vor dem Hintergrund der rez. Stürze und Frakturen sollte eine spezigische Osteoprosetherapie gemäß den Empfehlungen Dr. Säcklers auch aus unserer Sicht angestrebt werden. Die Nierenfunktion mit einer eGFR von 92 ml/min (Labor aus 22) lässt z.B. eine Therapie mit Alendronsäure 70mg 1x/Wo po oder Zolendronsäure 5mg iv jährlich zu. Eine Zahnärztliche Evaluation sollte zu Beginn der Behandlung erfolgen. Zusätzlich eine Calciumsubstitution.

Im Rahmen der allgemeinen Beratung fiel das Tragen einer Gleitsichtbrille sowie teilweise ungeignetem Schuhwerk (""Adilette"") sowie der nur zeitweise Hilfsmitteleinsatz des Rollators auf. Wir empfehlen das verwenden von separaten Fern- und Nahsichtbrille, an den Fersen geschlossenem Schuhwerk mit rutschfester Sohle sowie den Einsatz eines Rollators auch im häuslichen Umfeld.

Im Rahmen eines Medikamentenreviews hinsichtlich Fall risk increasing drungs (FRID) fiel die Einnahme von Tamsulosin bei BPH auf, diese erscheint aber klinisch dringend indiziert. Wir empfehlen die Einnahme auf den Abendzeitpunkt zu verschieben.",,Thomas,0,,5,4,3,4,5,5,4,5,4,4,4,5,3,2,2,4,5,5,5,5,5,5,5,5,5387.0,1716.0,2685.0,0.7673790454864502,0.7684736847877502,0.8536872267723083,20,20,16,19,17,11
ID#19,Herr Bauer,"Demenz vom Alzheimertyp (DAT)
leichtgradig (MoCA 15/30)
symptomatische Therapie mit Donepezil

Z.n. transiente wahnhafte Episoden DD im Rahmen eines Delirs bei Demenz DD im Rahmen der DAT","Refluxösophagitis
Z. n. Gastritis 07/24
	Z. n. Helicobacter pylori Eradikation vor Jahren
AT Hypertonus
Z. n. transitorisch ischämischer Attacke 2019","Die Vorstellung des Patienten und seiner bevollmächtigten Tochter erfolgte zur Mitbeurteilung der vor kurzem gestellten Demenzerkrankung vom Alzheimertyp (DAT), sowie  Der Einordnung transienter Phasen mit wahnhaften Beschwerden ohne Halluzinationen.  klinisch-neurologisch zeigte sich ein weitgehend unauffälliger Befund bis auf leichte Hinweise auf Apraxie sowie Neugedächtnis-betonte kognitive Defizite, so dass insgesamt ein Demenzsyndrom imponierte.
Anhand der vorliegenden Vorbefunde, unter anderem der ausführlichen neuropsychologischen Testung aus Anfang 2024 aus dem Christophsbad Göppingen sowie des aktuell durchgeführten kognitiven Kurztests MoCA ergeben sich 15/30 der H.a. leichtgradige kognitive Defizite mit Auffälligkeiten insbesondere in den Domänen: Visuokonstruktion/Exekutive Funktionen, Merkfähigkeit, Rechnen, Sprache und verzögerter Abruf.
Anhand des vorliegenden cMRT Bilder aus 02/2024 zeigt sich eine eher leichtgradiges globales Atrophiemuster sowie leichte subkortikale vaskuläre Veränderungen, zudem eine eher postischämisch anmutende Läsion frontoparietal rechts, insgesamt jedoch keine sehr ausgeprägte vaskuläre Läsion Komponente oder Hinweise auf eine symptomatische Ursache des Demenzsyndroms.
In der Zusammenschau erscheint die Vordiagnose der Demenz vom Alzheimertyp die wahrscheinlichste Ursache der Beschwerden. Eine weiterführende differenzialdiagnostische Untersuchung mittels Lumbalpunktion wurde mit Patient und Angehöriger diskutiert, aktuell ist diese bei fehlender therapeutischer Konsequenz nicht gewünscht, gegebenenfalls könnte dies aber ergänzt werden.
Bezüglich der transienten am ehesten wahnhaften Beschwerden kann DD insbesondere bei der im Urlaub geschilderten Episode ein Delir bei Demenz diskutiert werden, gegebenenfalls erscheint diese jedoch auch im Rahmen der Grunderkrankung der DAT möglich.
Bezüglich der berichteten gastrointestinalen Beschwerden gehen wir am ehesten von einer erneuten Gastritisepisode aus, eine Assoziation mit der Grunderkrankung oder der verwendeten Donepezil Medikation erscheint unwahrscheinlich.","Fortführung der Symptomatische Therapie mit Donepezil
Fortführung der kardiovaskulären Risikokontrolle zur Verhinderung eines weiteren Progresses der Demenzerkrankung
nicht medikamentöse Therapie im Rahmen des Demenzsyndroms: Lebensstiloptimierung mit regelmäßiger körperlicher Aktivität (z.B. Seniorensportversion), mediterrane Diät, soziale Integration und Tagesstrukturierung (z.B. Senioretreff). Ggf. Wahrnehmung lokaler Betroffenen und Angehörigen Selbsthilfegruppen für Menschen mit Demenz. Hierfür wurden lokale Anlaufstellen in Schwäbisch Gmünd als Heimatort des Patienten weitergegeben.
Bezüglich der rezidivierenden Gastritiden  Sowie der dauerhaft notwendigen ASS 100 Einnahme empfehlen wir die regelmäßige Einnahme von Pantoprazol 40 mg 1-0-0 dauerhaft.
In akutmedizinischen Situation sollte auf ein erhöhtes Delir Risiko geachtet werden und gegebenenfalls eine nicht medikamentöse Prävention durchgeführt werden (z. B. Reorientierungsmaßnahmen)
Sollten die beschriebenen wahnhaften Beschwerden regelmäßig und zunehmend belastend auftreten, empfehlen wir eine erneute neurologisch-psychiatrische Reevaluation und gegebenenfalls das Erwägen einer symptomatischen Therapie mit Neuroleptika.
Therapeutische Empfehlungen: 
1. Die Teilnahme an einem regelmäßigen strukturierten Krafttraining- und Gleichgewichtssprogramm (z.B. medizinische Trainingstherapie, Gerätetraining) mit Fokus auf Schnell- und Explosivkraft (3 x pro Woche) zum Erhalt der Kraft und des Gleichgewichts. 
2. Die Teilnahme an einem gruppenbasierten Kognitionstraining (1-2x pro Woche).
3. Eine ergotherapeutische Einzelbehandlung mit dem Fokus auf kognitives Training bzw. Hirnleistungstraining, auch kognitiv-motorisches Training unter dual-tasking.",Thomas,0,,4,5,3,2,5,5,4,4,3,3,3,4,4,4,4,4,4,5,3,4,5,5,5,5,4203.0,1495.0,1452.0,0.7170623540878296,0.756798505783081,0.819882333278656,16,20,14,18,13,16
ID#20,Frau Fischer,"Multifaktorielle Gangstörung mit rez Stürzen
mit	1) 	unsystematischem Benommenheits-Schwindel 
	2) 	antalgisches Gangstörung
	3)	Kraftdefizite der Beine im Stuhlaufstehtest
		
bei	1) 	V.a. Aortenklappenstenose bei neu aufgefallenem Systolikum p.m. über 2. ICR re und Belastungsdyspnoe sowie stabilen AP-Beschwerden
	2)	Instabilität Knigelenk links nach Meniskus-OP 2014 mit anhaltenden Schmerzen
	3)	Dekonditionierung
		Deutliche subkortikale vaskuläre Encephalopathie (SVE) mit DD leichter Beinspastik rechts
		MCA-Ischämie re
		Z.n. Benignen,paroxysmalen Lagerungsschwindel, aktuell kompensiert
		Chronisches Schmerzsyndrom der BWS nach BWK 11 und 12 LWK 1-3 Frakturen und operativer Versorgung 2004
3) 	Manifeste Osteoporose

V.a. Carpal-Tunnelsyndrom re>li
	Z.n. CTS OP li

Hypertensive Herzerkrankung
Diastolsiche Relaxationsstörung
Z.n. Koronarangiographie 2019 mit Kinking aller koronarien ohne Interventionsmöglichkeit",,"Im Rahmen der Vorstellung in der Geriatrischen Instituts- und Sturzambulanz fielen mehrere Komponente einer Gangstörung und Sturzneigung auf:

ad 1) 
Es fiel ein Benommenheitsschwindel insb. bei Belastung, teilw. auch Dyspnoe und AP Beschwerden auf. Bei Systolikum mit pm über Aortenklappe ergibt sich der V.a. eine symptomatische Aortenklappenstenose.

ad 2)
Es fiel eine antalgische Gangkomponente nach Meniskus OP li mit Instabilität und Schmerzen im linken Kniegelenk bei Belastung auf. 

ad 3)
Im Rahmendes Stuhlaufstehtests fiel bei der Pat. eine leicht reduzierte Beinkraft auf a.e. im Rahmen eines Trainingsmangels. 

ad 4)
Eine manifeste Osteoporose wurde bereits diagnostiziert. Eine entsprechende (unklare) spezifische Osteoporose Therapie wurde von Seiten der Pat. aufgegeben. 

NB ergab sich der klinisch Verdacht auf ein Carpaltunnelsyndrom re>li mit pos. Hoffmann-Tinel Zeichen bds.","Medizinische Empfehlungen:
ad 1) 
Wir empfehlen eine zeitnahe kardiologische Vorstellung inkl. Durchführung eines TTE zur weiteren Abklärung des V.a. Aortenklappenstenose. Sollte sich dieser bestätigen ist die Pat. als symptomatisch einzustufen und ggf. eine interventioneller Klappenersatz zu diskutieren. 

ad 2)
Wir empfehlen die Anpassung einer regelmäßigen Schmerztherapie mit Metamizol z.B. 500mg 1-1-1 zur Behandlung der Knieschmerzen.

ad 3)
Proteinreiche Ernährung mind 1,2 g/Protein/kg KG pro Tag, hierzu wurde ein Flyer ausgegeben.

ad 4)
Wir empfehlen eine Vorstellung beim niedergelassenen Osteologen sowie die Durchführung einer Knochendichtemessung sowie die Einleitung einer erneuten spezifischen Osteoporosetherapie. 
Wir empfehlen ergänzend zur Vitamin D Substitution je nach Laborwert auch die Subsitution von Calcium.

Allgemeine Empfehlungen
Wir empfehlen den Wechsel von einer Gleitsichtbrille auf 2 Einzelbrillen, zur Verbesserung des unteren Gesichtsfeldes im Gehen und Stehen.
Vorstellung beim Neurologen bzw. Handchirurgen bzgl. Diagnostik bzw. Therapie bei V.a. Carpaltunnelsyndrom re>li.

Medikamentenreview:
Im Rahmen eines Medikamentenreviews hinsichtlich Sturzrisiko erhöhender Medikamente (fall risk increasing drungs (FRID)) fiel die Einnahme von Ranolazin als potentiell ungeeignete Medikation, diese ist in der symptomatischen Behandlung der AP-beschwerden jedoch bisher erfolgreich gewesen. Die Medikation sollte ggf. nach kardiologischer Vorstellung reevaluiert werden. 

Therapeutische Empfehlungen:
Empfehlung: 
Die Teilnahme an einem strukturierten Krafttrainingsprogramm (z.B. medizinische Trainingstherapie, Gerätetraining) mit Fokus auf Schnell- und Explosivkraft (3 x pro Woche).
Ein Gruppenbasiertes strukturiertes Sturzpräventionsprogramm bspw. nach dem Ulmer Modell (2-3x/Wo 30-60min) mit gezielten Übungen für Gleichgewicht und Kraft mit regelmäßiger Anpassung des Schwierigkeitsgrads an das individuelle Niveau.
Ein Training des reaktiven Gleichgewichts durch Perturbationstraining, zum Beispiel Perturbationslaufband (SturzImpfung). Bei Interesse bei uns im Haus gerne Kontaktaufnahme über unsere Geriatrische Instituts- und Sturzambulanz unter 0731 187-181 (Telefon) oder sturzambulanz.bgu@agaplesion.de (Mail).",Thomas,1,,4,4,3,4,5,5,4,5,2,2,2,3,4,3,4,4,5,5,3,1,5,5,2,5,4143.0,1724.0,1898.0,0.7941080927848816,0.7756588459014893,0.8985379934310913,14,17,15,19,9,15
ID#21,Herr Burger,"Multifaktorielle Gangstörung 
mit	1) 	sensibel-spastisch-ataktischer und 
	2)	paretischern Gangstörung bei Fußheberschwäche bds. und 
	3) 	apraktischer Gangstörung und
	4)	unsystematischen Benommenheitsschwindel
		
bei	1+2A) 	Sensomotorische Polyneuropathie DD idiopathisch DD diabetogen
	1+2B)	Myelopathisches Syndrom bei Z.n. Spinalkanalstenose mit osteoligmanetärer Dekompression Th12-L2 2021
	2)		V.a. beginnendes Demenzsyndrom DD gemischter Genese, subkortikale vaskuläre Encephalopathie vorbeschrieben
	4)		Orthostatische Hypotension bei zusätzlich hyptenensiven RR-Werten
	5)		Mittelgradig reduzierte Beinkraft

			Bilaterale Vestibulopathie, extern vorbeschrieben
			Presbyakusis mit Hörgeräten versorgt
			Katarakt bds. pperativ versorgt
6)	V.a. Osteoporose
Diabetes mellitus Typ 2
3G KHK, Stenting 2022, zuletzt keine AP-Beschwerden
Intermittierendes VHF",,"Im Rahmen der Vorstellung in der Geriatrischen Instituts- und Sturzambulanz fielen mehrere Komponente einer Gangstörung und Sturzneigung auf:

ad 1+2) 
Es fiel eine sensibel-ataktische Gangstörung sowie paretische Gangestörung mit Steppergang bei Polyneuropathie sowie residueller Myelopathie auf. Die PNP ist dabei nicht ganz eindeutig Ätiologisch abgeklärt, die bisher beschriebene Assoziation mit einem Diabetes erscheint weniger wahrscheinlich. 

ad 3)
Es fiel eine apraktische Gangkomponente mit posturaler Instabilität, teilw. inadäquater motorischer Reaktion und Fußstellungen sowie Verschlechterung der Parameter der Ganganalyse unter Doppel-Tätigkeits-Aufgaben (Dual task) auf. Diese sind oft auf (subklinische) kognitive Defizite bedingt. Anamnestisch und Fremdanamnestisch ergab sich der V.a. demenzielles Syndrom. Ein Kognitives Screening ergab Hinweise auf grenzwertige kognitive Defizite.

ad 4)
Den beschriebenen Schwindel, konnten wir a.e. im Rahmen eines Benommenheitsschwindels bei Orthostatischer Hypotension einordnen. Zusätzlich fielen aber auch hypertensive RR-Werte in unserer Ambulanz auf.

ad 5)
Im Rahmendes Stuhlaufstehtests fiel bei dem Pat. eine leicht reduzierte Beinkraft auf. 

ad 6)
Auf Grund seines Alters, der Vorerkrankungen und der vorliegenden geriatrischen Syndrome besteht der V.a. eine Osteoporose Erkrankung. ","Medizinische Empfehlungen:
ad 1+ 2) 
Wir empfehlen zur weiteren Abklärung der PNP eine laborchemische Diagnostik insb. bzgl. potenziell modifizierbarer Ursachen: Vitamin B12, Holotranscobalamin, Methylmalonsäure, Vit. B6, Vit B1, Folsäure, Serum-Ephorese (MGUS?), Vasculitisscreening (BSG, CRP; ANA, ANCA, Hepatitis C), HbA1c.
Wir empfehlen eine Hilfsmittelversorgung mit Fußheberschienen bei Paresen bds.
Wir empfehlen den Wechsel von einer Gleitsichtbrille auf 2 Einzelbrillen, zur Verbesserung des unteren Gesichtsfeldes im Gehen und Stehen.

ad 3)
Wir empfehlen zur weiteren Abklärung des Demenzsyndroms eine gezielte kognitive Testung (z.B. normaler MOCA Test), cerebrale Bildgebung, ggf. Liquorpunktion und Beginn einer Behandlung mit einem Acetylcholineseraseinhibitors, z.B. in einer Gedächtnissprechstunde.

ad 4)
Wir empfehlen diesbzgl. die Anpassung der Medikation mit Hinzunahme von Amlodipin 5mg 0-0-1, sowie eine Verlagerung der antihypertensiven Medikation auf den Abendzeitpunkt mit Candesartan 16mg 0,5-0-1,5. Ein Ziel-RR von 150/80 mmHg sollte angestrebt werden.
Wir empfehlen darüber hinaus zunächst nicht-medikamentöse Maßnahmen zur Reduktion der OH einzuleiten: Kompressionsstrümpfe bis zur Leiste Klasse 2-3, ggf. Kompressiv-elastische Bauchbinde, Bahnungsmanöver und Muskelpumpe vor dem Aufstehen, Flüssigkeitsbolus vor dem Aufstehen (ca. 400ml in 5min), Oberkörperhochlagerung bei Nacht.

ad 5)
Proteinreiche Ernährung mind 1,2 g/Protein/kg KG pro Tag, hierzu wurde ein Flyer ausgegeben.

ad 6)
Wir empfehlen zur weiteren Abklärung eine Vorstellung beim niedergelassenen Osteologen sowie die Durchführung einer Knochendichtemessung sowie ggf. die Einleitung einer spezifischen Osteoporosetherapie. 
Wir empfehlen den Beginn einer Vitamin D Substitution sowie je nach Laborwert auch die Subsitution von Calcium.

Medikamentenreview:
Im Rahmen eines Medikamentenreviews hinsichtlich Sturzrisiko erhöhender Medikamente (fall risk increasing drungs (FRID)) fiel die Einnahme von Tilidin auf, dies ist zur Behandlung der chronischen Schmerzen aber durchaus indiziert.
Es fiel die Einnahme von Clopidogrel und Xarelto auf. Bei stabiler KHK und >1J zurückliegender coronarem Stenting sollte die Indikation einer für die Clopidogreltherapie kritisch geprüft werden und ggf. Clopidogrel abgesetzt werden.


Therapeutische Empfehlungen:
 Ein koordinatives Training bzw. kognitiv-motorisches Training zum Beispiel mit Koordinationsleiter, Senso oder unter Dual-tasking im Rahmen einer physiotherapeutischen Einzelbehandlung.
Ein hochintensives Intervalltraining (extensiv-/intensiv) am Laufband gekoppelt an ein sensomotorisches Gleichgewichtstraining zum Beispiel am Posturomed oder auf instabilen Unterlagen im Rahmen einer physiotherapeutischen Einzelbehandlung.
Ein Gruppenbasiertes strukturiertes Sturzpräventionsprogramm bspw. nach dem Ulmer Modell (2-3x/Wo 30-60min) mit gezielten Übungen für Gleichgewicht und Kraft mit regelmäßiger Anpassung des Schwierigkeitsgrads an das individuelle Niveau.
Ein regelmäßiges Krafttraining der Beine bds., welches vor allem explosives Krafttraining bzw. Schnellkrafttraining umfasst.
Zusätzlich ist ein Perturbationstraining z.B. auf einem Laufband zum Training von Ausfall uns Abfangschritten sinnvoll. Dieses kann im Rahmen der sog. SturzImpfung in unserer Ambulanz erfolgen. Bei Interesse und Fragen gerne Kontaktaufnahme über unsere Sturzambulanz unter Tel. 0731 187 181 oder Mail: sturzambulanz.bgu@agaplesion. de oder Homepage www.sturzimpfung-ulm.de.",Thomas,1,,4,4,4,4,4,4,3,4,4,4,4,4,3,2,3,3,5,5,4,5,4,4,4,5,5786.0,1581.0,2532.0,0.7818829417228699,0.714874267578125,0.8038618564605713,19,17,16,15,16,11
ID#22,Frau Müller,"Multifaktorielle Gangstörung 
- sensibel- ataktisches Gangbild
- rezidivierende Stürze
- Blindheit bei Retinopathia pigmentosa 
- Hörminderung
- Pallhypästhesie 
- Energie- und Eiweißmangelernährung und Sarkopenie
- Polyarthrose (Fingergelenke, Facettenarthrose)
- Sturzangst ",,"Im Rahmen der Vorstellung in der Geriatrischen Instituts- und Sturzambulanz fiel bei Frau Müller eine schwere Gangstörung mit hohem Sturzrisiko auf. 

Diese ist sicherlich multifaktoriell anzusehen. Als wichtige Komponenten der Gangsstörung zeigten sich im motorischen Assessment nicht nur ein schweres Kraftdefizit, sondern auch eine reduzierte Gleichgewichtsfähigkeit und eine deutlich verlangsamte Ganggeschwindigkeit. 

Anamnestisch berichtet Frau Müller von einem Gewichtsverlust von ca. 5kg im letzen Jahr. Sicherlich ist von einer Energie- und Eiweißmangelernährung bzw. einer Sarkopenie auszugehen. Dies bestätigt sich auch in unserem durchgeführten Ernährungsscreening. 

Eine orthostatische Dysregulation als Ursache von Stürzen zeigte sich nicht. Ein kognitives Screening ergab keine messbaren Hinweise auf kognitive Funktionseinschränkungen. Allerdings fiel bei der Ganganalyse eine Verschlechterung des Gangbildes unter Doppel-Tätigkeits-Aufgaben (Dual task). Diese können durch subklinische kognitive Defizite bedingt sein. Subjektiv berichtet die Patientin von keinen Gedächntiseinbußen. 

In der klinischen Untersuchung fiel eine Pallhypästhesie auf, die Hinweise auf eine Polyneuropathie geben. Da Frau Müller diesbezüglich keine Beschwerden angab, ergeben sich aktuell keine diagnostischen und therapeutischen Konsequenzen daraus.

Aufgrund des Alters, der Vorerkrankungen und der vorliegenden geriatrischen Syndrome besteht der Verdacht auf eine Osteoporose Erkrankung (Empfehlungen s.u.)

Neben den körperlichen Befunden spielt sicherlich eine von Frau Müller beschrieben Sturzangst nach mehreren Stürzen eine große Rolle. Diese hat ein vorsichtigeres Gangbild zur Folge, was wiederum Stürze wahrscheinlicher macht. Außerdem traut sich die Patientin nicht mehr zu, alleine größere Strecken zu laufen, was zu einem Rückgang der körperlichen Aktivität geführt hat. Nicht zuletzt, weil einige Bezugspersonen, die mit ihr Ausflüge unternommen haben, verstorben sind. Dies hat auch teilweise zu sozialer Isolation geführt. 

Im Fokus unserer therapeutischen Empfehlungen stehen vor allem Kraftaufbau und Gleichgewichtstraining zur Verbesserung der Gangstörung und der Sturzangst. Daneben wäre eine Hilfsmittelanpassung (Rollator oder Walkingsstöcke) empfehlenswert. Die Hilfsmittelnutzung ist allerdings aufgrund des gleichzeitig notwendigen Blindenstocks zur Orientierung erschwert. Wir empfehlen daher eine ambulante Rehabilitation, bei der eine Hilfsmittelanpassung erfolgen und trainiert werden kann. ","Ärztliche Empfehlungen:
- Wir empfehlen als Osteoporosetherapie eine Substitution mit Vitamin D. Außerdem kann zur weiteren Abklärung einer Osteoporose eine Vorstellung beim niedergelassenen Osteologen (z.B. Praxis Spiess, NU oder Praxis Radlmayer, Ulm) zur Durchführung einer Knochendichtemessung erfolgen 
- auf eine proteinreiche Ernährung sollte geachtet werden. 
- Angesichts des Gewichtsverlust, empfehlen wir eine Abdomensonographie

Therapeutische Empfehlungen: 
Auf Basis des motorischen Assessments und unter Berücksichtigung der oben genannten ärztlichen Diagnostik empfehlen wird folgendes: 

1. Die Durchführung einer ambulanten Rehabilitation mit Fahrdienst und umfangreichen Therapieangeboten der Physiotherapie, Ergotherapie und Bewegungstherapie. Hier könnten verschiedene Hilfsmittel erprobt werden und die Kraft und das Gleichgewicht verbessert werden. 

2. Ein Training des reaktiven Gleichgewichts durch Perturbationstraining, zum Beispiel Perturbationslaufband (SturzImpfung). Bei Interesse bei uns im Haus gerne Kontaktaufnahme über unsere Geriatrische Instituts- und Sturzambulanz unter 0731 187-181 (Telefon) oder sturzambulanz.bgu@agaplesion.de (Mail).

3. Im Verlauf/ im Anschluss an die Rehabilitation: Eine ergotherapeutische Einzelbehandlung im Rahmen von Hausbesuchen mit dem Schwerpunkt auf Hilfsmittelerprobung. 

4. Im Verlauf/ im Anschluss an die Rehabilitation: Die Teilnahme an einem strukturierten Krafttrainingsprogramm (z.B. medizinische Trainingstherapie, Gerätetraining) mit Fokus auf Schnell- und Explosivkraft (3 x pro Woche).

5. Kontaktaufnahme Beratungsstelle Blickpunkt Auge in Wiblingen (Seniorenzentrum Wiblingen, Erdgeschoss, Herr Siemoneit, Tel. 0731 14 11 43 53) zur Beratung bzgl. Hilfsmittel Rollator. Flyer werden Frau Müller postalisch von uns zugesandt.

6. Weiterführung der bestehenden Physiotherapie mit Schwerpunkt auf Kraftaufbau und Gleichgewichtstraining. 

Zeigen Sie diese Empfehlungen gerne bei Ihrer Hausärztin/Ihrem Hausarzt UND in Ihrer Physiopraxis vor!
Bei Fragen Kontaktaufnahme über 0731 187-181 (Telefon) oder sturzambulanz.bgu@agaplesion.de (Mail). ",Thomas,1,,5,4,4,4,5,5,5,5,4,4,4,4,3,2,2,4,3,3,2,2,5,5,5,5,4977.0,1287.0,1578.0,0.7875140309333801,0.7586964964866638,0.790810763835907,10,20,17,20,16,11
ID#23,Frau Schmitt,"Multifaktorielle Gangsstörung 
- rezidivierende Stürze (zweimalig mit Synkope)
- Sturzangst 
- reduziertes Gleichgewicht ",,"Im Rahmen der Vorstellung in der Geriatrischen Instituts- und Sturzambulanz fiel bei Frau Schmitt eine leichte Gangsstörung auf. 

Die Ursachen sind multifaktoriell anzusehen. In der Ganganalyse zeigte sich eine leicht reduzierte Schrittlänge als eine Komponente der Gangsstörung und Risikofaktor für Stürze. In der klinischen Untersuchung ergaben sich zusätzlich Hinweise auf eine reduzierte Gleichgewichtsfähigkeit.

Auffallend war außerdem eine Verschlechterung des Gangbildes unter semantischen Doppel-Tätigkeits-Aufgaben (Dual task). Dies kann ein Hinweis für subklinische kognitive Defizite sein. Subjektiv berichtete Frau Schmitt von vermehrten Gedächtnisstörungen in den letzten Jahren, die bisher aber keine Relevanz für den Alltag darstellen. In der kognitiven Testung ergaben sich mit einem Punktwert von 27/30 Punkten im MoCA-Test aktuell keine messbaren Hinweise auf kognitive Defizite.

Aufgrund der mehrmaligen Synkopen als Sturzursache führten wir einen Schellong-Test durch, der keine Aufälligkeiten zeigte. 

Als wichtiger Aspekt der rezidivierende Stürze und des unsicheren Gangbildes identifizierten wir eine von der Patientin beschriebenen Sturzangst.

Zur Behandlung der Gangstörung stehen körperliches Training mit  Kraftaufbau und Gleichgewichtsübungen im Vordergrund. Ein kognitiv-motorisches Training wäre dabei ideal um auch Doppel-Tätigkeits-Aufgaben zu üben. Außerdem hat auch das Pertubationslaufband in Anbetracht der rezidivierenden Stürze eine hohe Relevanz. Wir informierten die Patientin über bestehende Angebote und gaben Flyer ab.","Ärztliche Empfehlungen: 
- Wir empfehlen die Erstellung einer Patientenverfügung und Vorsorgevollmacht
- falls noch nicht erfolgt, sollte zur Synkopenabklärung eine 24h-Blutdruckmessung/EKG erfolgen. 
- wir empfehlen eine erneute Verlaufskontrolle der kognitiven Fähigkeiten mit einem für das hohe kognitive Ausgangsniveau des Patienten geeigneten kognitiven Kurztest (z.B.  MOCA Test) in 6 Monaten sowie bei anhaltenden oder progredienten Beschwerden ggf. Vorstellung in einer Gedächtnisambulanz (z.B. des ZfP Südwürttemberg in der Bethesda Klinik (Tel 0731 187 5317)).  
- zur Osteoporose-Prophylaxe empfehlen wir eine ausreichende Vitamin D-Substitution (1000 IE täglich)

Therapeutische Empfehlungen: 
Auf Basis des motorischen Assessments und unter Berücksichtigung der oben genannten ärztlichen Diagnostik empfehlen wird folgendes:  

1. Die Teilnahme an einem strukturierten Krafttrainingsprogramm (z.B. medizinische Trainingstherapie, Gerätetraining) mit Fokus auf Schnell- und Explosivkraft (3 x pro Woche). 

2. Die Teilnahme an einem gruppenbasierten Sturzpräventionstraining mit den Schwerpunkten auf funktionellem Krafttraining und Gleichgewicht (3 x pro Woche). Besonderer Stellenwert sollte hier das kognitiv-motorische Training einnehmen. 

3. Ein Training des reaktiven Gleichgewichts durch Perturbationstraining, zum Beispiel Perturbationslaufband (SturzImpfung). Bei Interesse bei uns im Haus gerne Kontaktaufnahme über unsere Geriatrische Instituts- und Sturzambulanz unter 0731 187-181 (Telefon) oder sturzambulanz.bgu@agaplesion.de (Mail). 

4. Das Tragen von festen Schuhen wurde mit Frau Schmitt ebenfalls besprochen, da der letzte Sturz in Schlappen passierte.

Zeigen Sie diese Empfehlungen gerne bei Ihrer Hausärztin/Ihrem Hausarzt UND in Ihrer Physiopraxis vor! 
Bei Fragen Kontaktaufnahme über 0731 187-181 (Telefon) oder sturzambulanz.bgu@agaplesion.de (Mail).  ",Thomas,1,,5,5,4,4,5,5,4,5,4,3,4,4,3,4,3,4,5,4,4,5,5,4,5,5,3635.0,1440.0,1195.0,0.7889437675476074,0.8076867461204529,0.8868080973625183,18,19,18,19,15,14
ID#24,Frau Schneider,"Multifaktorielle Gangstörung
Orthostatische Dysregulation bei chronisch-venöser Insuffizienz
Leichtgradige hypochrome Anämie, DD Eisenmangelanämie
Sehstörung mit Doppelbildern
Afferenzstörung der Beine, DD Hinterstrangsyndrom bei V.a. Vitamin B12 Mangel
Sarkopenie
Knie-TEP rechts",HWS-Syndrom,"Frau Schneider wurde uns vorgestellt zur Sturzdiagnostik, nachdem die Patientin vor 2 Monaten 2-fach gestürzt und akut-neurologisch, kardiologisch und HNO-ärztliche keine Ursache festgestellt wurde. Klinisch zeigte sich eine multifaktoriellen Gangstörung, führend durch Afferenzstörung der Beine und mangelender Kompensation bei Sehstörung durch Doppelbildern erklärt. Zusätzlich zeigten sich eine leichtgradige Sarkopenie und eine orthostatische Dysregulation, mit Benommenheitsschwindel nach dem Aufstehen, Zittern in den Knie, und Blutdruck-Abfall von 35 mmHg systolisch im Schellong-Test. Die Sturzereignisse im März lassen sich anamnestisch gut durch hypotensive Episoden erklären. Wir empfahlen der Patientin das Tragen von Kompressionssstrümpfen, sowie eine ausreichende Flüssigkeitszufuhr (weitere nicht-medikamentöse Empfehlungen siehe unten). Wegen Kreislaufbeschwerden nimmt die Patientin aktuell Korodin bei Bedarf. Soll weiterhin eine Bedarfsmedikation verordnet werden, empfehlen wir stattdessen Effortil-Tropfen. Hinsichtlich der Afferenzstörung der Beine zeigte sich klinisch-neurologisch ein Hinterstrang-Syndrom, für das zur Diagnosesicherung ambulanz-neurologisch sensibel-evozierten Potenziale abgeleitet werden können. Als mögliche Ursache für das Hinterstrang-Syndrom beschreibt die Patientin eine Umstellung auf eine vegetarische Diät, sodass ein Vitamin B12-Mangel plausibel erscheint und wir eine entsprechende Labordiagnostik empfehlen. Zusätzlich zum Vitamin B12 empfehlen wir den Eisenstoffwechsel zu untersuchen, nachdem im externen Labor vom März 2025 eine leichtgradig hypochrome Anämie auffiel. Zur Behandlung der Afferenzstörung empfehlen wir Krankengymnastik mit Gleichgewichts-Training und zur Behandlung der Sarkopenie ein Krafttraining der Beine. Zur Vermeidung weiterer Stürze kann die Patientin ein Pertubationstraining am Laufband (""Sturzimpfung"") wahrnehmen. Zur Vermeidung von pathologischen Frakturen ist eine Osteoporose-Diagnostik indiziert und ggf. eine Calcium- und Vitamin D Substitution.","Diagnostisch:
Bestimmung des Vitamin B12-Stoffwechsels (Vitamin B12, Holotranscobolamin, Methymalonsäure)
Bestimmung des Eisenstoffwechsels (Eisen, Transferrin, Ferritin)
Osteoporose-Diagnostik (Calcium- und Phosphatbestimmung, ggf. DXA-Messung)
ggf. ambulant-neurologische Vorstellung mit Bestimmung der sensibel-evozierten Potenziale (SEP)

Therapeutisch:
Abhängig von o.g. Befunden Substitution von Vitamin B12, D, Eisen und Calcium.
Kompressionsstrümpfe Klasse 2, ggf. Verwendung von Bahnungsmanövern vor dem Aufstehen, Oberkörperhochlagerung in der Nacht um ca. 30-45°, ggf. Anpassung einer elastokompreessiven Bauchbinde
Ausreichend Flüssigkeitzufur, insb. am Morgen oder bei Belastungssituation ggf. auch Bolusartig
ggf. Umstellung des Korodin auf Effortil-Tropfen
Therapie-Empfehlung: 
1. hochintensives Ausdauertraining (extensive / intensives Intervalltraining am Laufband / Ergometer) gekoppelt an ein sensomotorisches Gleichgewichtstraining bzw. kognitives-motorisches Training (bspw. Dividat Senso) und zur neuronalen Stimulation empfiehlt sich ein niedrigfrequentes Vibrationstraining (<20 Hz) .
2. Die Teilnahme an einem strukturierten Krafttrainingsprogramm (z.B. medizinische Trainingstherapie, Gerätetraining) mit Fokus auf Schnell- und Explosivkraft (3 x pro Woche).
3. Ein Training des reaktiven Gleichgewichts durch Perturbationstraining, zum Beispiel Perturbationslaufband (SturzImpfung). Bei Interesse bei uns im Haus gerne Kontaktaufnahme über unsere Geriatrische Instituts- und Sturzambulanz unter 0731 187-181 (Telefon) oder sturzambulanz.bgu@agaplesion.de (Mail).",Thomas,0,,5,5,5,5,5,5,4,5,2,2,2,2,3,3,4,4,3,3,2,2,5,5,5,5,3972.0,1479.0,1896.0,0.7441940307617188,0.7589545249938965,0.8256596922874451,10,20,20,19,8,14
ID#25,Frau Burger,"Sensibel-ataktischer Gangstörung
		
bei	1) 	Polyneuropathisches Syndrom a.e. mediklamntös-toxischer Genese bei Z.n. Chemotherapie DD malnutritiv DD idiopathisch
			Empfehlung: weiterführende laborchemisch und elektrophysiologische Abklärung ggf. Therapie	
	2)	Dual Task Defizite unklarer Ursache
			Empfehlung: cMRT Bildgebung mit KM und klinsich Verlaufskontrolle
	3) 	Sturzangst
	4)	Osteoporose

Non-Hodgkin Lymphon Ed 1996, damals mit CHOP KM-Transplantation kurativ behandelt
Mamma CA 2020 mit Mastektomie und Letrozol Therapie kurativ behandelt
Z.n. Humerus Fraktur re (2x)
Z.n. OSG Fraktur re
Z.n. D3 Fraktur re Hand
Pyelonephritis 11/23
Hepatopathie unklarer Genese
Asthma bronchiale",,"Im Rahmen der Vorstellung in der Geriatrischen Instituts- und Sturzambulanz fielen mehrere Komponente einer Gangstörung und Sturzneigung auf:

ad 1) 
Es fiel eine sensibel-ataktische Gangstörung a.e. bei Polyneuropathie auf, diese kann a.e. im Zusammenhang mit der NHL-bezogenen Chemotherapie gesehen werden. 
Wir empfehlen zur weiteren DD Abklärung eine laborchemische Diagnostik insb. bzgl. potenziell modifizierbarer Ursachen: Vitamin B12, Holotranscobalamin, Methylmalonsäure, Vit. B6, Vit B1, Folsäure, Serum-Ephorese (MGUS?), Vasculitisscreening (BSG, CRP; ANA, ANCA, Hepatitis C), HbA1c sowie eine elektrophysiologische Diagnostik beim niederglassenen Neurologen.

ad 2) 
Es fiel eine Verschlechterung der Parameter der Ganganalyse unter Doppel-Tätigkeits-Aufgaben (Dual task) auf. Diese sind oft auf subklinische kognitive Defizite bedingt. Ein Kognitives Screening ergab keine Hinweise auf kognitive Defizite, die Pat. hat diese im Alltag auch nicht wahrgenommen.
Vor dem Hintergrund der bekannten Mamma-CA Erkrankung empfehlen wir eine cMRT Bildgebugn mit KM zur Ausschluss einer symptomatischen Hirnläsion bei aktuell aber unauffälligem weiteren zentralen Neurostatus. Sollten Gedächtnisdefizite im Verlauf weiterhin auffallen oder voranschreiten empfehlen wir eine gezielte kognitive Testung (z.B. normaler MOCA Test), ggf. Liquorpunktion beim niedergelassenen Neurologen/Psychiater.

Therapieemfehlungen:
Zur Behandlung der ängstlichen Gangkomponente empfehlen wir: ein koordinatives Training / sensomotorisches Gleichgewichtstraining (bspw. Postoromed / Dividat) unter Einbeziehung von Doppeltätigkeit (Dual Task), ein Laufbandtraining unter Perturbation und Sicherung sowie ein strukturiertes Sturzpräventionsprogramm, bspw. LiFE Programm (www.life-alltagsuebungen.de).
Zur Behandlung der sensorisch ataktischen Gangkomponente empfehlen wir: ein hochintensives Ausdauertraining (extensive / intensives Intervalltraining am Laufband / Ergometer) ebenfalls gekoppelt an ein sensomotorisches Gleichgewichtstraining (bspw. Postoromed / Dividat) und zur neuronalen Stimulation empfiehlt sich ein niedrigfrequentes Vibrationstraining (<20 Hz).
Das Training sollte min. 2 x pro Woche stattfinden. 


ad 4)
Eine Osteoporose Erkrankung ist bei der Pat. langjährig vorbekannt und wird aktuell gynäkologisch mit Denosumab behandelt.
Wir empfehlen auch über die gynäkologische Nachsorge hinaus die Fortführung der Osteoporosebehandlung, ggf. ist bei Absetzen von Denosumab im Verlauf eine erneute Bisphosphonat Therapie zur Vermeidung eines Rebound Effektes zu erwägen.

Im Rahmen eines Medikamentenreviews hinsichtlich Sturzrisiko erhöhender Medikamente (fall risk increasing drungs (FRID)) fiel aktuell keine kritische Medikation auf. Die Dosierung mit Vitamin D sollte ausreichend hoch ca. 1000 IE pro Tag oder 20.000 IE pro Woche gewählt werden.",,Thomas,1,,4,5,3,4,5,3,4,4,4,3,3,2,4,1,1,4,5,5,5,5,5,5,5,5,3603.0,1596.0,1747.0,0.7457280158996582,0.7730647921562195,0.8778049945831299,20,20,16,16,12,10
ID#26,Frau Hansen,"Multifaktorielle Gehstörung
Frailty / Sarkopenie
Zentrale sensible Afferenzstörung
Residuelle Hemiparese rechts nach Schlaganfall (2009)
Orthostatische Hypotonie

V. a. depressive Episode
DD reaktiv nach Suizid einer Freundin vor 2 Jahren","Vorhofflimmern
V. a. Herzinsuffizienz
Anamnestisch Schlaganfall (2009)
residuelle Hemiparese rechts, Gehverschlechterung
Presbyakusis
Leichtgradige Sehstörung, anamnestisch V.a. AMD","Frau Hansen stellte sich zum Sturz-Check vor, nachdem die Patientin in den letzten Monaten zweimal ohne erkennbaren Auslöser auf die Hüfte stürzte. Klinisch liegt eine multifaktorielle Gehstörung, als Folge eines Schlaganfalls (2009) mit residueller Hemisymptomatik rechts, sowie darüber hinaus gehender leichtgradiger Sarkopenie, Frailty und einer zentralen sensiblen Afferenzstörung. Zudem zeigte sich eine Visusstörung, bei anamnestischen Verdacht auf (V. a.) altersbedingte Makuladegeneration (AMD). Im motorischen Assessment zeigte sich eine deutliche Einschränkungen in Beinkraft, Mobilität, Gleichgewicht und Gangbild, die mit einem erhöhten Sturzrisiko verbunden sind. Therapeutisch empfehlen wir zusätzlich zum Kardio-Training mit Krafttraining zu beginnen. Damit die Patientin Muskulatur aufbauen kann, sollte sie täglich mindestens 1,2 g/kg Körpergewicht Protein zu sich nehmen. Bei V. a. Malnutrition im Screening sollte sich die Patientin zudem hochkalorisch ernähren, ggf. durch zusätzliche hochkalorische Drinks. Um das Sturzrisiko zu senken empfehlen wir das Pertubationstraining am Laufband (SturzImpfung) fortzuführen. Zusätzlich kann die Patientin ambulant weitere Krankengymnastik wahrnehmen mit Fokus auf Kraft und Gleichgewicht. Um eine optimale Behandlung zu Gewährleisten empfehlen wir eine ambulante geriatrische Rehabilitation, die die Patientin bereits beantragt habe. Zusätzlich klagte die Patientin über Gedächtnisstörungen, welche bei V. a. depressiver Episode nicht sicher als neurodegenerativ eingeordnet werden kann. Ein kognitives Screening zeigte einen grenzwertigen Befund. Wir empfehlen wir zunächst eine psychiatrische Vorstellung und Beginn einer entsprechenden Therapie. Sollten die Beschwerden anschließend weiterbestehen empfehlen wir eine erneute kognitive Testung, z.B. in unserer Ambulanz.","Diagnostisch:
Labodiagnostik zur Differenzialdiagnostik einer zentralen Afferenzstörung, Depression und Gedächtnisstörung: Blutbild, Elektrolyte, Niere, Leber, Schilddrüse, Vitamin B12 Stoffwechsel, Digoxin-Spiegel (geriatrischer Zielspiegel ist leicht unterhalb des Normbereich)
Indikation des Calcitriol und Digoxin prüfen
Psychiatrische Vorstellung zur Differenzialdiagnostik einer Depression
Wiedervorstellung in 6-12 Monaten zur erneuten kognitiven Testung, sowie erneuten Sturzdiagnostik

Therapeutisch:
Ambulante geriatrische Rehabilitation
Kraftraining, z. B. bei ambulanter Krankengymnastik
ggf. Pertubationstraining m Laufband (SturzImpfung)",Thomas,0,,5,5,5,5,5,4,5,5,4,3,2,4,4,3,4,4,4,4,4,4,4,4,4,4,2959.0,1612.0,1719.0,0.7996510863304138,0.7721850275993347,0.8515520095825195,16,16,20,19,13,15
ID#27,Frau Straub,"Optische Halluzinationen
a.e. organische Halluzinose bei
Mittel- bis hochgradige subkortikale vaskuläre Encephalopathie","Pseudohalluzinationen
Phosphene, illusionäre Verkennungen
DD Charles-Bonnet-Syndrom
Augenprothese rechts und
Sehstörung links (anamnestisch Katarakt und Glaukom)
	sensorisch-ataktische Gangstörung mit Sturzneigung
Osteoporose","Frau Straub stellte sich aufgrund von progredienten optischen Halluzinationen und Pseudohalluzinationen vor. Die Pseudohalluzinationen wurden im Vorfeld auf eine hochgradige Sehstörung zurückgeführt (DD Charles-Bonnet-Syndrom), was anamnestisch in Anbetracht der beschriebenen Phosphene plausibel erscheint. Seit etwa 8 Wochen leidet die Patientin jedoch unter lebhaften optischen bis szenischen Halluzinationen, die sich nach Beenden des Tapentadol (Palexia) zwar bereits geringfügig besserten, jedoch weiter persistieren. In der klinischen Untersuchung ergab sich kein wegweisender Befund. In der kognitiven Testung zeigte sich ein weitgehend altersentsprechender Befund mit leichtgradiger Störung von Merkfähigkeit und Abstraktion, sowie der visuellen Assessments, die die Patientin wegen ihrer Sehstörung nicht gut absolvieren konnte. In den vorliegenden MRT-Aufnahmen vom Mai dieses Jahres zeigt sich eine mittel- bis hochgradige okzipital betonte subkortikale vaskuläre Encephalopathie (SVE) mit leichtgradiger Hirnatrophie. In Zusammenschau ordnen wir die Halluzinationen am ehesten einer organischen Genese zu, bei o.g. SVE. Differenzialdiagnostisch können epileptische Anfälle nicht ausgeschlossen werden, wobei die Semiologie der Ereignisse dagegen spricht und die Episoden mit einer Dauer von Stunden zu lange sind. Vor Beginn einer Therapie mit Neuroleptika sollte jedoch eine Elektroencephalographie (EEG) durchgeführt werden. Hinweise auf eine neurodegenerative Erkrankung ergeben sich aktuell klinisch nicht, wir empfehlen jedoch eine kognitive Verlaufsuntersuchung in 1 Jahr um einen etwaigen Progress zu registrieren. Nach Ableiten des EEG und im Falle eines unauffälligen Befundes empfehlen wir therapeutisch Risperidon abends, zunächst in einer Dosis von 0,5 mg, mit der Möglichkeit dieses auf 1 mg zu steigern. Dass Tapentadol sollte nicht wiederbegonnen werden, zur Schmerztherapie empfehlen wir Metamizol. Zur Mitbeurteilung der Halluzinationen und ggf. Weiterbehandlung kann die Patientin in der psychiatrischen Institutsambulanz (PIA) der Alterspsychiatrie des ZfP Südwürttembergs in Ulm vorgestellt werden. 
Zusätzlich zu den Halluzinationen berichtete die Patientin über 2-3 Stürze pro Jahr, bei denen es trotz Osteoporose bisher zu keiner Fraktur gekommen ist. Wir untersuchten die Patientin in einem motorischen Assessment, welches einen im Wesentlichen altersentsprechenden Befund zeigte. Klinisch und anamnestisch sind die Stürze der Sehstörung zuzuordnen. Hinsichtlich der Gehstörung empfehlen wir eine Hilfsmittelversorgung (Gehstock). Ambulante Krankengymnastik wurde mit der Patientin besprochen, welche sie wohnortbedingt jedoch nur sehr schlecht wahrnehmen könne. Als Alternative wurde eine geriatrische Rehabilitation besprochen, der sich die Patientin aufgeschlossen gegenüber zeigt. Bzgl. der bekannten Osteoporose Erkrankung sollte eine Basismedikation mit Vitamin D und ggf. Calcium (Blutspiegelkontrolle) erfolgen, sowie ggf. eine spezifische Osteoporosetherapie, sofern sie diese noch nicht erhalten hat.","Ableiten eines EEG, anschließend
Beginn Risperidon 0.5 mg 0-0-1, ggf. auf 1 mg steigern
Umstellen von Palexia retard 50 mg 1-0-1 auf Metamizol 500 mg 1-0-1 bis 1-1-1-1
ggf. Vorstellung in der PIA der Alterspsychiatrie des ZfP Südwürttemberg in Ulm
Kognitive Verlaufsuntersuchung in etwa 1 Jahr
Osteoporose Basistherapie mit Vitamin D und Calcium sowie ggf. spezifische Osteoporosetherapie mit einem Bisphosphonat, falls noch nicht erfolgt.
Verordnen eines Gehstock
Physiotherapeutische Einzelbehandlung, koordinatives Training bzw. kognitiv-motorisches Training, und strukturierten Krafttrainingsprogramm
ggf. geriatrische Rehabilitation zur Beübung des Gehens",Thomas,1,,4,4,4,3,5,5,5,5,3,3,2,3,5,5,5,5,3,2,2,3,5,4,5,4,4106.0,1666.0,1558.0,0.7555526494979858,0.7694419026374817,0.8003859519958496,10,18,15,20,11,20
ID#28,Frau Jäger,"Multifaktorielle Gangstörung 
mit	schlaffer Paraplegie der Beine mit Rollstuhlpflichtigkeit
	autonom-vegetative Störungen mit Harn- und Stuhlinkontinenz, DK-Dauerversorgung
			
bei	1) axonaler sensomotorischer Polyneuropathie DD diabetogen DD malnutritiv DD bei ausgebrannter Chronisch-inflammatorischer PNP
	2) Mäßiggradiger subkortikaler vaskulärer Encephalopathie (SVE) und H.a. postischämischen Läsionen im Pons bds. und Thalamus bds.	
	3) Gemische Demenz
		2022 Nachweis von Alzheimerpathologie RKU, og.g. vaskuläre Veränderungen
		mittel-bis höhergradiger Ausprägung 

Diabetes mellitus Typ 2
	aktuell ohne Therapie HbA1c 6,3%",,"Im Rahmen der Vorstellung in der Geriatrischen Instituts- und Sturzambulanz fielen mehrere Komponente der bestehenden Beschwerden auf:

ad 1) 
Wesentliche Ursache der Paraplegie und auch leicht bis mittelgradigen Parese der OE bds. ist eine sensomotorisch axonale PNP anzusehen. Diese ist DD auch eine diabetogene DD malnutritive Genese zurückzuführen. Bei der schwere der Einschränkungen kommt unseres Erachtens auch eine axonale Form einer chronisch inflammatorischen PNP in Betracht. Aktuell erscheint die PNP aber weit fortgeschritten und weitgehend ausgebrannt eine erneute differenzierte Ursachenabklärung erscheint uns nicht sinnvoll.

ad 2) 
Die zusätzlichen zentral-neurologischen Komponenten der bds. positiven Babinski-Zeichen sowie der Dysarthrie und V.a. Dysphagie führen wir a.e. auf cerebrovaskuläre Läsionen die u.a. in einer cMRT Untersuchung aus 2023 beschrieben wurden (Pons Ischämien bds., Thalamus Ischämien bds., mäßiggradige SVE).
Diesbzgl. empfehlen wir eine kontrolle der kardiovaskulären Risikofaktoren sowie ggf. eine kardiovaskulären Diagnostik TTE, LZ-EKG, Duplexsonographie der Halsgefäße) soweit noch nicht erfolgt. Darüber hinaus eine Thrombozytenaggegationshemmung mit ASS.
Logopädische Vorstellung zur Einschätzung der Dysphagie und ggf. Kostanpassung bzw. Behandlung.

ad 3)
Es fielen kognitive Defizite im Sinne eines demenziellen Syndroms mit Alltagsrelevanz und u.a. Sprachverarmnung bei der Patientin auf. In einem kognitiven Kurztest MMSE 14/28P zeigte sich eine mittelgradige Hirnleistungsstörung, die sich im Vergleich zur VU aus 2022 progredient zeigte. In Vorbefunden ergab sich der Nachweis von einer Alzheimertypischen Biomarker Konstellation. In der Zusammenschau gehen wir hier a.e. von einer Mischdemenz aus.
Im Zusammenhang mit der bestehenden Demenzerkrankung fiel auch die Angabe von depressiven Symptomen auf.
Fachpsychiatrische ambulante Anbindung
Wir empfehlen eine Therapieversuch mit einem Acetylcholinesteraseinhibitor (z.B. Rivastigmin Pflaster) durchzuführen und eine klnische Reevaluation nach Beginn und Aufdosierung in ca. 6 Monaten.
Wir empfehlen außerdem ggf. eine ergänzende antidepressive Therapie.
Tagesstrukturierende Maßnahmen z.B. über Besuch einer Tagespflegeeinrichtung für Senioren. Diese kann auch zur Entlasung der pflegenden Angehörige beitragen.","Medizinische Empfehlungen:
- Sekundärprophylaxe mit ASS und Atorvastatin bei bildgebenden H.a. stattgehabte cerebrale Ischämien
- Kardiovaskuläre Diagnostik und Risikofaktorkontrolle
- Therapieversuch mit Acetylcholinesteraseinhibitor bei Demenzsyndrom
- Fachpsychiatrische Anbindung

Therapeutische Empfehlungen:
- Regelmäßige ambulante Ergotherapie und Physiotherapie als Hausbesuch
- logopädische Vorstellung zur Abklärung Dysphagie und ggf. Kostanpassung/Therapie
- Besuch einer Tagesstätte für ältere Menschen zur Tagestrutkturierung, Physiotherapie und Entlastung der pflegenden Angehörige
- Eine geriatrische Rehabilitationsmaßnahme ist bei ausgeprägten chronischen Beschwerden, sowie deutliche eingeschränkten Aktivitäten des täglichen Lebens nicht indiziert.",Thomas,0,,4,3,4,4,4,5,4,4,4,3,3,3,4,4,4,4,2,2,2,2,5,4,4,4,3780.0,1639.0,1228.0,0.6942744851112366,0.7033109664916992,0.8376023769378662,8,17,15,17,13,16
ID#29,Frau Schönfeld,"Multifaktorielle Gangstörung mit rez. Stürzen bei/mit
1) Sehstörungen bei Katarakt bds. 
2) Dual Task Probleme bei V.a. beginnende kognitive Defizite 
3) idiopathisches Parkinsonsyndrom, Tremordominanztyp, DATscan pos.
4) Kraftdefizit der Beine bds. im Stuhlaufstehtest

5) V.a. ED arterielle Hypertonie","Rezid. Kopfschmerzen zervikogen bedingt
Fronto-basales Meningeom - asymptomatisch, in Verlaufskontrolle
Mittelgradige obstruktive Schlafapnoe
Interstitielle Lungenfibrose
Asthma
Diastolische Dysfunktion
Adipositas
Z.n. Magen-Op bei diaphragmaler Hernie (ca. 2000)","Im Rahmen der Vorstellung in der Geriatrischen Instituts- und Sturzambulanz fielen folgende Komponente auf, welche in Zusammenhang mit einem erhöhten Sturzrisiko zu sehen sind:  

Zu 1) Die bestehende Sehminderung bei Katarakt könnte zur verminderten Wahrnehmung von Stolperfallen in Bodennähe führen. Verminderte Muskelkraft bei leichter Dekonditionierung bei fehlendem regelmäßigen Training.

zu 2) Im Rahmen der Ganganalyse fielen eine Verschlechterung der Gangparameter unter Doppeltätigkeitsgaufgaben auf, diese können auf kognitive Defizite rückschließen lassen und das Sturzrisiko erhöhen. Auch in einem kognitiven Screening Test zeigte sich der Pat. mit einem grenzwertigen Befund. Wir empfehlen eine weitere Abklärung.

zu 3) Das idiopathische Parkinsonsyndrom erscheint insb. bei auch pos. Datscan Befund nachvollziehbar. Eine Medikation mit 3x 50mg Levodpa mag nicht ausgereicht haben, um eine für die Pat. spürbare Verbesserung des Tremor erreicht zu haben. Bei aktuell wenig bestehendem hypokinetisch-rigiden Syndrom und auch fehleder orthostatischen Hypotension erscheinen die Stürze aber nicht maßgeblich mit der Parkinsonerkrankung assoziiert zu sein.

4) Es fiel ein Kraftdefizite in den Beinen im Stuhlaufstehtest auf. Dies ist a.e. durch Dekonditionierung erklärbar.

5) Es ergab sich der V.a. arterielle Hypertonie bei hier gemessenem Blutdruck im Sitzen und nach 5 minütigen ruhigen Liegen vom 160/90 mmHg. 

Das vorbeschriebene Meningeom ist nach Vidierung der letzten cMRT Bilder a.e. nicht für die Sturzneigung verantwortlich, auch darüber hinaus zeigte sich kein H.a. eine andere verantwortliche Pathologie.
Bei vorhandener interstitieller Erkrankung der Lungen, mit NYHA II empfehlen wir eine kardiorespiratorische Evaluation vor Beginn des Ausdauer- bzw. Krafttrainings. ","Medizinische Empfehlungen:
Katarakt: Evaluation bzgl. operativer Kararaktbehandlung, sowie Verwendung von getrennter Brillen für Ferne und Nähe anstatt Gleitsichtbrille
2. 	Kognition: Wir empfehlen zur weiteren Abklärung eine gezielte kognitive Testung (z.B. normaler MOCA Test), cerebrale Bildgebung, ggf. Liquorpunktion und ggf. Beginn einer symptomatischen Behandlung (z.B. Acetylcholineseraseinhibitors). Auch eine Kontrolle von TSH, Vitamin B12, Folsäure, Vitamin B1 ist empfehlenswert.  Diese kann z.B. über einen niedergelassenen Neurologen/Psychiater oder die Gedächtnisambulanz des ZfP Südwürttemberg in der Bethesda Klinik (Tel 0731 187 5317) erfolgen.
3.	iPS: Bei robuster älterer Patientin kann auch die Medikation mit einem ret. Dopaminagonisten z.B. Pramipexol ret. erwogen werden. 
5. 	Art Hypertonus: Wir empfehlen die Durchführung eine 24-h ambulante Blutdruckmessung zur weiteren Evaluierung.

Therapeutische Empfehlung: 
1. Ein Grundlagenausdauertraining bzw. ein hochintensives Intervalltraining (extensiv-/intensiv) am Ergometer oder Laufband im Rahmen einer physiotherapeutischen Einzelbehandlung oder zur Integration in Ihren bestehenden Trainingsplan z.B. im Fitnessstudio.
2. Die Teilnahme an einem strukturierten Krafttrainingsprogramm (z.B. medizinische Trainingstherapie, Gerätetraining) mit Fokus auf Schnell- und Explosivkraft (3 x pro Woche).
3. Bei Schwierigkeiten vom Boden aus aufzustehen wird die Teilnahme an einem Boden-Aufsteh-Training empfohlen
4. Eine physiotherapeutische Einzelbehandlung auf neurophysiologischer Grundlage (LSTV BIG)

In Ergänzung zu dem Krafttraining soll auf die tägliche Aufnahmen von mind. 1.2 g/kg/KG Eiweiß hingewiessen. 

Zur Steigerung der körperlichen Aktivität wird empfohlen, die täglichen Anzahl der Schritte für die kommenden Tagen zu notieren. Entsprechend soll Frau Hugendubel versuchen, die Anzahl der Schritte wöchentlich zu steigern. Als Beispiel wäre eine Zunahme um 10% der Schritte pro Woche empfehlenswert. Es sollten mindestens 3000 Schritte pro Tag angestrebt werden. Gleichzeitig wurde die Teilnahme an Gruppenaktivitäten empfohlen, um die Motivation zu halten. Patientin wurde über die hier vorhandenen Angeboten informiert. 

Wir empfehlen darüber hinaus die Durchführung der genannten Therapiemaßnahmen auch unter Doppel-Tätigkeit. In kritischen Motoriksituationen im Alltag sollte dagegen auf volle Konzentration (z.B. keine Gespräche beim Gehen) geachtet werden, um weitere Sturzereignisse zu vermeiden.",Thomas,1,,5,4,4,3,5,4,4,4,4,3,2,3,4,4,4,4,3,2,2,2,3,3,3,3,4910.0,1847.0,1798.0,0.8001977801322937,0.7767249345779419,0.8667978048324585,9,12,16,17,12,16
ID#30,Frau Bauer,"Multifaktorielle Gangstörung 
mit 	1) spastisch-ataktischer Gangstörung links 
	2) orthopädisch-antalgische Gangstörung links
	3) Dual-Tasking Defizite

bei 	1) DD HWS/BWS Spinalkanalstenose DD cerebrale rechtshemisphärische Läsion DD instabile Hüft-TEP links 
	2A) Hüft-TEP links
	2B) Linkskonvexe Skoliose der BWS 
	3A) V.a. Depression 
	3B) Vd. auf milde kognitive Funktionseinschränkung 

Hypothyreose
Harninkontinenz ",,"Im Rahmen der Vorstellung in der Geriatrischen Instituts- und Sturzambulanz zeigten sich mehrere Komponenten einer Gangstörung und Sturzneigung:  

ad 1) 
In der klinischen Untersuchung fiel ein Hinken des linken Beines, a.e. im Sinne einer spastischen Gangstörung auf. Die Spastik im linken Bein fand sich auch in der neurologischen Untersuchung. Passend berichtete die Patientin auch von Krämpfen in diesem Bein. Zusätzlich konnte eine deutliche Hyperreflexie der unteren Extremität mit leichter Betonung der linken Seite bei gleichzeitigem Ausfall des Achillessehnenreflex sowie eine leichte Hüftbeugerschwäche nachgewiesen werden. Außerdem war der Trömner-Reflex linksseitig positiv.

Die Ätiologie bleibt letztlich unklar. Differentialdiagnostisch kommt eine Spinalkanalstenose auf Halsmarkhöhe bzw. eine cerebrale rechtshemisphärische Läsion in Betracht. 
Die in mehreren Bildgebungen der LWS beschriebenen Befunde (Spinalkanalstenose und Bandscheibenprolaps) sind nicht als erklärendes Korrelat zu werten. 

ad 2)
Als weitere Ursache des hinkenden Ganges und der angegebenen Beschwerden kann auch eine nicht korrekt sitzende Hüftprothese angesehen werden. Die Patientin berichtete, dass bereits im Vorfeld ein zu großer Schaft als Mitursache diskutiert wurde. Der zeitliche Zusammenhang mit der Verschlechterung der Gangunsicherheit nach Hüft-TEP-Einlage spricht dafür. Darüber hinaus zeigt die Pat. eine deutliche linkskonvexe Skoliose der BWS. Die Pat. zeigt teilw. Schmerzen unter längerer Belastung im Bereich des Rückens und er Hüfte links.

Eine weiterführende Abklärung hinsichtlich einer weiter oben gelegenen Spinalkanalstenose oder einer cerebralen Pathologie erscheint sinnvoll. Weitere Bildgebung bzgl. der Hüfte sind bei fehlender therapeutischer Konsequenz (aktuell keine Operation von Patientin gewünscht) nicht zielführend.

Im motorischen Assessment und der sensorbasierten Ganganalyse ergaben sich mehrere Aspekte, die das Sturzrisiko erhöhen. Es zeigte sich neben einer reduzierten Beinkraft bspw. auch eine verminderte Ganggeschwindigkeit und geringe Schrittlänge.

ad 3)
Zusätzlich fiel eine leichte Verschlechterung der Parameter der Ganganalyse unter semantischen Doppel-Tätigkeits-Aufgaben (Dual task). Diese können durch subklinische kognitive Defizite bedingt sein. Subjektiv berichtet die Patientin von leichter Vergesslichkeit. Ein kognitives Screening ergab mit einem Punktwert von 22/30 in einem kognitiven Screening  ein grenzwertiges Ergebnis, was auf leichte kognitive Funktionseinschränkungen hindeuten kann.

Neben der körperlichen Beschwerden berichtete Frau Bauer von Schlafstörungen, Antriebslosigkeit und starker Müdigkeit. Insgesamt kann dies am ehesten in Zusammenhang einer Depression gebracht werden. Die Patientin gab außerdem an, traumatische Erfahrungen erlebt zu haben. Weiterhin beklagt sie eine Harnikontinenz, die vor allem bei psychischer Belastung zunehmend sei. Die antidepressive Therapie mit Sertralin habe ihr geholfen.

Während der Vorstellung in der Ambulanz führten wir einen Schellong-Test durch. Dieser zeigte kein Hinweis auf orthostatische Hypotension.

Im Rahmen eines Medikamentenreviews hinsichtlich Sturzrisiko erhöhender Medikamente (fall risk increasing drungs (FRID)) ergibt sich aktuell kein Handlungsbedarf. Wir empfehlen aber eine laborchemische Untersuchung der Schilddrüsenparameter, um eine Überdosierung von Levothyroxin zu vermeiden. Anamnestisch ergaben sich keine Hinweise auf eine Osteoporose. Anamnestisch seien allerdings mehrere Osteodensitometrien unauffällig gewesen (Befunde nicht vorliegend).

Im Fokus unserer therapeutischen Empfehlungen stehen vor allem Kraftaufbau und Gleichgewichstraining zur Verbesserung der Gangstörung. 
Außerdem hat auch das Pertubationslaufband in Anbetracht der rezidivierenden Stürze eine hohe Relevanz. 
Neben dem körperlichen Training sollte allerdings auch die von der Patientin beschriebene depressive Symptomatik mit Antriebslosigkeit und Müdigkeit in den Blick genommen werden. Eine Möglichkeit der intensiven Beübung und gleichzeitig psychologischer Betreuung stellt die ambulante geriatrische Rehabilitation dar. Die Patientin äußerte ihrerseits Interesse.","Diagnostische/Therapeutische ärztliche Empfehlung

- Zur weiteren Abklärung der spastischen Komponente empfehlen wir die Durchführung einer MR-Bildgebung der BWS/HWS und des Neurocraniums. Wir bitten hierfür eine Anmeldung in der Radiologie vorzunehmen.
- wir empfehlen eine ambulante psychiatrische Anbindung bspw. in der psychiatrischen Institutsambulanz (PIA ZfP Südwürttemberg in der Bethesda Klinik (Tel 0731 187 5317)
- wir empfehlen die regelmäßige Einnahme von Vitamin D als Osteoporose-Prophylaxe (1000 IE/die) sowie bei Nachweis einer reduzierten Knochedichte den Beginn einer spezifischen Osteoporosetherapie
- Wir empfehlen eine laborchemische Kontrolle der Schilddrüsenparameter.

Trainings-Empfehlungen 

1. Die Durchführung einer ambulanten Rehabilitation mit umfangreichen Therapieangeboten der Physiotherapie, Ergotherapie und Bewegungstherapie. 
Hierfür bitten wir Sie eine Anmeldung vorzunehmen. Auf unserer Homepage finden Sie den hierfür erforderlichen Antrag (bereits vorausgefüllt, https://www.bethesda-ulm.de/fileadmin/Agaplesion_bkl-ulm/user_upload/BGU_amb._Reha_Kostenuebernahme_Fahrten_fuer_Hausarzt_2023-07-26.pdf)

2. Das regelmäßige Tragen des orthopädisch-angepassten Schuhwerks, ggf. auch noch ein zusätzliches Paar leichtere, sommerliche Schuhe mit Erhöhung.

Alternativ/ Ergänzend zur Rehabilitation oder im Rahmen der Rehabilitation besonderer Fokus auf:

3. Die Teilnahme an einem strukturierten Krafttrainingsprogramm (z.B. medizinische Trainingstherapie, Gerätetraining) mit Fokus auf Schnell- und Explosivkraft (3 x pro Woche).
4. Eine gezieltes Boden-Aufsteh-Training, zum Beispiel nach der Backward Chaining Methode, zur Kräftigung vor allem der unteren Extremität. 


Diese Empfehlungen dienen als Orientierung für weitere therapeutische Maßnahmen. Zeigen Sie diese Empfehlungen gerne Ihrer behandelnden Therapeutin oder Ihrem behandelnden Therapeuten vor! ",Thomas,1,x,4,4,4,4,5,4,4,5,4,4,2,4,3,1,1,4,5,5,5,5,5,5,5,5,6566.0,1395.0,1371.0,0.731610119342804,0.7021905183792114,0.7737187743186951,20,20,16,18,14,9
ID#31,Herr Schönfeld,"1) 	Leichte sensibel-ataktische Gangstörung
		
bei	1) 	sensorischer Afferenzstörung DD bei Polyneuropathischem Syndrom unklarer Genese DD malnutritiv DD idiopathisch
			Empfehlung: weiterführende laborchemisch Abklärung ggf. Therapie	
	
Z.n. TAVI bei Aortenklappenstenose
Z.n. TUR-P bei Prostata CA
Z.n. Gichtanfall vor Jahren",,"Im Rahmen der Vorstellung in der Geriatrischen Instituts- und Sturzambulanz fielen eine Komponente einer leichten Gleichgewichtsstörung auf

ad 1) 
Es fiel eine leichte sensibel-ataktische Gangstörung mit Unsicherheiten im Romberg DD bei Polyneuropathie unklarer Genese auf. Aktuell keine Stürze und insgesamt wenig klinische Auswirkungen.
Wir empfehlen zur weiteren Abklärung eine laborchemische Diagnostik insb. bzgl. potenziell modifizierbarer Ursachen: Vitamin B12, Holotranscobalamin, Methylmalonsäure, Vit. B6, Vit B1, Folsäure. Aktuell erscheint bei den geringen Beschwerden eine weiterführende neurologische Abklärung nicht sinnvoll.
Wir empfehlen zur Behandlung der sensibl-ataktischen Gangkomponente: ein strukturiertes Sturzpräventionsprogramm (2-3x/Wo 30-60min) mit gezielten Übungen für Gleichgewicht und Kraft mit regelmäßiger Anpassung des Schwierigkeitsgrads an das individuelle Niveau. Dieses kann z.B. im Rahmen des LIFE Programms auch als Eigentraining gestaltet werden, zusätzlich zu dem bereits erfolgenden Kraft und Ausdauertraining. (www-life-alltagsuebungen.de).
Zusätzlich ist ein Perturbationstraining z.B. auf einem Laufband zum Training von Ausfall- und Abfangschritten sinnvoll. Dieses kann im Rahmen der sog. SturzImpfung in unserer Ambulanz erfolgen. Bei Interesse und Fragen gerne Kontaktaufnahme über unsere Sturzambulanz unter Tel. 0731 187 181 oder Homepage www.sturzimpfung-ulm.de. 

In der sensor-basierten Ganganalyse fiel darüber hinaus eine verlangsamte Gehgeschwindigkeit (0,81 m/s) auf, die mit einer erhöhten Sturzgefahr assoziiert ist. Darüber hinaus fiel ein seitendifferentes Gangbild mit einer verkürzten Schrittlänge insb. linksseitig auf. Klinisch-anamnestisch fand sich keine Hinweise auf eine diesbzgl. Ursache oder Beschwerden (z.B. Schmerzen oder Paresen linksseitig). 

Im Rahmen eines Medikamentenreviews hinsichtlich Sturzrisiko erhöhender Medikamente (fall risk increasing drungs (FRID)) fiel die Einnahme von HCT auf, dass ggf. gegen ein höher dosiertes Enalapril ersetzt werden könnte. Darüber hinaus empfehlen wir die regelmäßige Substitution von Vitamin D insb. in den Wintermonaten.

Darüber hinaus wurde der Pat. bzgl. Ernährungsfaktoren im Alter beraten und eine proteinreiche Kost empfohlen.",,Thomas,0,,4,5,4,5,5,4,4,4,4,4,4,5,2,2,1,4,4,3,4,4,4,4,2,3,2643.0,1418.0,1109.0,0.6879058480262756,0.7413163185119629,0.7238308787345886,15,13,18,17,17,9
ID#32,Frau Schwer,"1) V.a.beginnender demenzieller Prozess, a.e. gemischt, DD überwiegend vaskulär,  Störung des Kurzzeitgedächtnisses. (letzte Vorstellung Ambulanz 2021)","2)Z.n. Hüft TEP bds. 2022 und 2023
3)V.a. Rotatorenmanschettenruptur rechte Schulter anamn. (in Beh. in der Arthrosklinik), mehrmalige Stürze mit dem Fahrrad und 1 x Stolpersturz über Schwelle vor ca. 2 Monaten
4)art. Hypertonus
5) Mamma-Ca links, Z.n. Tumorentfernung-brusterhaltende OP vor ca 10 Jahren
6) HWS OP in der Neurochirurgie in Günzburg, ventraler Zugang vor etlichen Jahren","Frau Schwer stellt sich am 31.1.2024 erneut in unserer geriatrischen Institutsambulanz vor bei zunehmender Vergesslichkeit im Kurzzeitgedächtnis. Im Aufnahmegespräch berichtet sie, dass sie ständig Sachen verlegt und am suchen ist. Dinge die sie machen wollte nach kurzer Zeit wieder vergessen hat. Auch am heutigen Tag hat sie alle Unterlagen, wo sie für den Ambulanztermin gerichtet hatte, vergessen. Die Veränderungen bemerkt sie seit einem Jahr. Sie ist sehr besorgt, da sehr viele Familienmitglieder an Demenz litten. Ein durchgeführtes MRT 2015 zeigte bereits Veränderungen im Sinne einer vaskulären Enzephalopathie sowie eine leicht temporal betonte Atrophie. Hier war Frau Schwer bereits beim Neurologen in Neu-Ulm vorstellig. 
Der cMRT Befund von 2023 zeigte keine neuen Veränderungen zu der MRT Aufnahme 2015. Bereits im CERAD 2021 zeigten sich deutliche Konzentrationsstörungen. Im Vergleich zur heutigen Testung zeigt sich keine nennenswerte Verschlechterung der Ergebnisse. Es besteht weiterhin der V. auf eine Gedächtnis- sowie Orientierungsstörung. Im mitgebrachten DEMTECT vom 27-10-23 erreichte Frau Schwer 18 P. somit eine altersgemäße kognitive Leistung.

Die Patientin berichtet, dass sie öfters mit dem Fahrrad gestürzt sei. Vor 2 Monaten letzter Sturz über eine Türschwelle. Aktuell hat sie Schmerzen im rechten Arm bei V.a. Rotatorenmanschettenruptur. Hier war sie bereits vorstellig in der Arthrosklinik. In der körperlichen Untersuchung zeigt sich eine eingeschränkte Beweglichkeit rechts. Aktives Anheben des Armes über die Ebene ist erschwert, Schürzengriff/ BH zu machen geht aktuell nicht. Hier unterstützt der Ehemann.
Mittlerweile wurde die Patientin an beiden Hüften operiert. Hüft TEP rechts in Blaubeuren und Hüft TEP links in Garmisch 2022 und 2023. Frau Schwer berichtet, dass ihr das rechte Bein teilweise noch Beschwerden macht und bei längerem Sitzen einschläft. Rückenschmerzen verneint sie aktuell.
Im motorischen Assessment zeigt Frau Schwer ein gutes Gleichgewicht sowie eine gute Gehgeschwindigkeit. Gehen der Treppe war mit Nachstellschritt möglich. Es zeigt sich eine geringe Kraftminderung ohne große Alltagsrelevanz.  Pat. ist ohne HM mobil. Fährt noch Auto. Geht 3 x die Woche ins Fitnessstudio. Im März fährt sie mit ihrem Ehemann nach Meran zum Ski fahren. 

Im Abschlussgespräch wurde der Patientin nochmal empfohlen zu Hause Alltagshelfer zu nutzen wie z.B. eine Ablage wo sie alle wichtigen Dinge wie zum Beispiel Schlüssel ablegen kann zusätzlich Notizen in einen Block zu schreiben und wenn alles erledigt ist die Dinge als erledigt abzuhaken. Sie wollte dies mal versuchen. Ansonsten liest sie viel, macht Kreuzworträtsel und arbeitet auch am PC. 
Sollte sich die Merkfähigkeit weiter verschlechtern empfehlen wir die Bestimmung von Vit. B12, Folsäure und TSH sowie eine Vorstellung der Patientin in der Gedächtnissprechstunde im RKU. 

Vielen Dank für die Überweisung der Patientin in unsere geriatrische Institutsambulanz. Bei Rückfragen stehen wir gerne jederzeit zur Verfügung.","zu 1) Strukturierung im Alltag, Gedächtnistraining, laut Patientin hat sie die Antidementiva nicht vertragen. Bei Progredienz der Symptomatik Vorstellung Gedächtnissprechstunde im RKU
zu 2) weiter Fitnessstudio, ggf. Sturzimpfung bei uns im Haus.
zu 3) war schon vorstellig in der Arthrosklinik
zu 4) hat bereits antihypertensive Therapie",Thomas,0,,5,4,3,4,5,5,5,5,4,4,2,2,4,4,2,4,5,5,4,5,5,5,5,5,3968.0,1522.0,832.0,0.792779803276062,0.7206966280937195,0.7886976599693298,19,20,16,20,12,14
ID#33,Frau Hildebrand,"Multifaktorielle Gangstörung 
- reduzierte funktionelle Beinkraft 
- Harninkontinenz 
- Hüft-TP bds.
- MRT LWS 04/24: rechtsbetonte Osteochondrose am lumbosakralen Übergang
- chronisch venöse Insuffizienz

Radiusfraktur nach Treppensturz 11/22
- Plattenosteosynthese und Verschraubung 11/22, Entfernung 10/23
- residuelle distale sensible Medianusläsion

Aortenklappeninsuffizienz 
Carotissklerose",,"Im Rahmen der Vorstellung in der Geriatrischen Instituts- und Sturzambulanz ergeben sich folgende Befunde:

Das von der der Patientin beschriebene Kraftdefizit in den Beinen konnte auch in den Mobilitätstests objektiviert werden. Dort zeigte sich im Aufstehtest eine reduzierte funktionelle Beinkraft, was sicher eine Komponente der Gangunsicherheit darstellt.

Eine leichte Verschlechterung des Gangbildes zeigte sich unter semantischen Doppel-Tätigkeits-Aufgaben (Dual task), jedoch noch unterhalb des Cut offs von 20%, auf. Diese können durch subklinische kognitive Defizite bedingt sein. Subjektiv berichtete die Patientin aktuell von keinen kognitiven Funktionseinbußen. Ein kognitives Screening ergab keine messbaren Hinweise auf kognitive Defizite.

Hinweise auf eine reduzierte Gleichgewichtsfähigkeit ergaben sich nicht. Auch ein Schellong-Test blieb unauffällig. 

Als weiteres geriatrisches Syndrom berichtete Frau Kehrmann von einer Harninkontinenz. Diese ist am ehesten im Rahmen einer Beckenbodenschwäche nach mehreren Geburten anzusehen. 

Im Rahmen eines Medikamentenreviews hinsichtlich Sturzrisiko erhöhender Medikamente ergaben sich keine Auffälligkeiten. Auf eine ausreichende Vitamin D-Gabe zur Sturzprophylaxe (mind. 800IE) pro Tag ist zu achten 

Zusammenfassend ergibt sich aus den oben genannten Befunden das Bild einer leichten Gangstörung, mit einzelnen Komponenten, die das Sturzrisiko erhöhen. Insgesamt ist aber von einer guten Mobilität und geringer Sturzgefahr zum jetzigen Zeitpunkt auszugehen. Zur Erhalt und Verbesserung der Mobilität sollte im Fokus sicher ein ausreichendes Ausdauer- und Krafttraining stehen (s. Empfehlungen unten).","Auf eine ausreichende Vitamin D-Gabe zur Sturzprophylaxe (mind. 1000 IE pro Tag) ist zu achten  

- bzgl. der Harninkontinenz empfehlen wir ein gezieltes Beckenbodentraining (bspw. durch ambulante Physiotherapie) 

- Die Teilnahme an einem strukturierten Krafttrainingsprogramm (z.B. medizinische Trainingstherapie, Gerätetraining) mit Fokus auf Schnell- und Explosivkraft (3 x pro Woche).

-  Die Teilnahme an einem gruppenbasierten Sturzpräventionstraining mit den Schwerpunkten auf funktionellem Krafttraining und Gleichgewicht (3 x pro Woche). Anmeldung auch über den Generationentreff möglich. Kurse ab September (freitags, Krafttraining und Wassergymnastik).

- Ein Training des reaktiven Gleichgewichts durch Perturbationstraining, zum Beispiel Perturbationslaufband (SturzImpfung). Bei Interesse bei uns im Haus gerne Kontaktaufnahme über unsere Geriatrische Instituts- und Sturzambulanz unter 0731 187-181 (Telefon) oder sturzambulanz.bgu@agaplesion.de (Mail).

Zeigen Sie diese Empfehlungen gerne bei Ihrer Hausärztin/Ihrem Hausarzt UND in Ihrer Physiopraxis vor!
Bei Fragen Kontaktaufnahme über 0731 187-181 (Telefon) oder sturzambulanz.bgu@agaplesion.de (Mail). ",Filippo,0,,5,4,4,5,4,4,4,5,4,4,4,4,4,4,4,2,3,3,4,3,3,3,4,4,3298.0,1285.0,1953.0,0.8086532950401306,0.8145007491111755,0.8207698464393616,13,14,18,17,16,14
ID#34,Frau Kaupp,"1) Tauopathie mit Mischbild aus Coricobasaler Degeneration, Progressiver Supranukleärer Blickparese und Primär progressiver Aphasie
mit 	hypokinetisch-rigider Gangstörung und
	apraktischer Gangstörung und
	dystoner Gangstörung
		Empfehlung: Physiotherapeutische Behandlung, probatorische Steigerung L-Dopa
	Kraftdefizit in den Beinen

2) V.a. Osteoproose
	Empfehlung: osteologische Anbindung und Knochendichtemessung sowie spezifische Osteoporosetherapie

Z.n. medialer Schenkelhalsfraktur
	Implantation einer zementfreien Duokopfprothese am 17.12.2023
Depressives Syndrom Am ehesten im Rahmen einer organisch affektiven Störung
Z.n. Meniskus- und kreuzbandschaden linkes Knie
Z.n. Sprungelenksverletzung re nach Arbeitsunfall mit leichter Fußheberschwäche re",,"Im Rahmen der Vorstellung in der Geriatrischen Instituts- und Sturzambulanz fielen mehrere Komponente einer Gangstörung und Sturzneigung auf:

ad 1) 
Im Rahmen der bekannten Tauopathie Erkrankung fielen sowohl apraktische, hypokinetische als auch spastisch/dystone Gangstörungsanteile auf. 
Wir empfehlen die probatorische Dosissteigerung der Levodopa Therapie in 100/25mg Schritten alle 5d auf bis zu 200/50mg 1-1-1-1/2, je nach Verträglichkeit zu erhöhen.
Darüber hinaus fielen apraxie-bedingte Probleme beim korrekten Einsatz der Hilfsmittel auf. Diese sollten reevaluiert werden.
Wir empfehlen hier die Durchführung einer Parkinsonkomplextherapie in unserem Hause (s.u.)

Im Rahmendes Stuhlaufstehtests fiel bei dem Pat. eine deutlich reduzierte Beinkraft auf. 
Wir empfehlen ein regelmäßiges Krafttraining, welches vor allem explosives Krafttraining bzw. Schnellkrafttraining umfasst sowie eine proteinreiche Zusatznahrung.

ad 2)
Auf Grund seines Alters, der Vorerkrankungen und der vorliegenden geriatrischen Syndrome besteht der V.a. eine Osteoporose Erkrankung. 
Wir empfehlen zur weiteren Abklärung eine Vorstellung beim niedergelassenen Osteologen (z.B. Praxis Spiess, NU oder Praxis Radlmayer, Ulm) sowie die Durchführung einer Knochendichtemessung sowie ggf. die Einleitung einer spezifischen Osteoporosetherapie. 
Wir empfehlen den Beginn einer Vitamin D Substitution sowie je nach Laborwert auch die Subsitution von Calcium.

Im Rahmen eines Medikamentenreviews hinsichtlich Sturzrisiko erhöhender Medikamente (fall risk increasing drungs (FRID)) fiel die Einnahme von sowohl Escitalopram, als auch Venlafaxin auf, was eine Doppelverordnung darstellt, wir empfehlen hier Venlafaxin in erhöhter Dosierung als Monotherapie. Auch Mirtazapin und Quatiapin erhöhen potenziell das Sturzrisiko, diesbzgl. empfehlen wir die Reduktionsversuch des Quetiapin und einen Auslassversuch im Verlauf. HCT empfehlen wir bei erhöhter Orthostasegefahr und ebenfalls Assoziation mit Sturzneigung abzusetzen.","Medizinsche und Therapeutische Empfehlungen:
- Wir empfehlen den Versuch einer phasenweise intensivierten physiotherapeutischen Behandlung im Rahmen einer Parkinsonkomplextherapie in unserem Hause. Wir bitten hierfür einen Einweisungsschein bereitzustellen. Bzgl. eines Aufnahmetermins werden wir uns mit der Patientin und Ihrem Sohn separat in Verbindung setzen.
- In diesem Rahmen sollte der Einsatz der Mobilitätsbezogenen Hilfsmittel reevaluiert und trainiert werden. Zudem können auch weitere ADL-Fertigkeiten wie Toilettengang, Schuhe Anziehen (ggf. mit Hilfsmittel) trainiert werde. Zusätzlich könnten in diesem Rahmen auch der Einsatz von alternativen Kommunikationswegen z.B. in Form von Sprachkarten erfolgen.
- Medizinisch sollte bei bisher guter Verträglichkeit und zumindestens teilweisem Effekt eine weitere schrittweise Aufdosierung der Levodopatherapie erfolgen mit den Zieslsymptomen Rigor, Dystonie Handfunktion und allgemeine Bradykinese. Auch dies kann im Rahmen des o.g. Parkinsonkomplexbehandlung geschehen.
- Im weiteren Verlauf ist eine regelmäßige physiotherapeutische Anbindung mit dem Fokus Sturzprävention, Hilfsmitteleinsatz und ADL Fertigkeiten als Dauerhafte Einzel-Physiotherapie und Einzel-Ergotherapie dringend indiziert.",Filippo,1,,5,4,4,5,4,4,3,4,3,4,5,4,4,2,3,4,5,5,5,5,3,3,3,3,4074.0,1293.0,3308.0,0.8055675029754639,0.7978740930557251,0.8376639485359192,20,12,18,15,16,13
ID#35,Frau Mühlbach,"Multifaktorielle Gang- und Gleichgewichtsstörung 
mit	1. Benommenheitsschwindel
	2. antalgischer Gangkomponente
	
bei	1. V.a. Medikamentennebenwirkung unter Pregabalin und Carbamazepin
		bei Trigeminusneuralgie V2 und V3 rechts
		Empfehlung: Reduktions- und Auslassversuch Pregabalin
	2 Coxitis links
		aktuell in orthopädischer Behandlung

Osteoporose, 
	Behandlung mit Ibandronsäure, Clacium und Vit D

Z.n. Patella Fraktur
Z.n. Humerus fraktur links 2019
Z.n. rez. Hyponatriämien unter Oxcarbazepin und Carbamazepin
Z.n. cerebraler Ischämie 2020 im hinteren Stromgebiet
Hypothyreose
art. Hypertonus
Diastolische Herzinsuffizienz (HFpEF)
Allergie gegen ACE Hemmer",,"Frau Mühlbach stellte sich unter oben genannten Diagnosen und Anamnese in unserer Sturzambulanz vor. Klinisch und anamnestisch fallen bei der Pat. vor allem zwei Komponenten einer Gangstörung:

ad 1
Die Pat. berichtet über einen unsystematischen Benommenheitsschwindel, die diese mit der Eindosierung von Pregabalin zusätzlich zu Carbamazepin bei Trigeminusneuralgie assoziieren kann. Diese Assoziation sowie die wechselseitige Verstärkung von PRG und CBZ sind beschrieben und erscheinen als Ursache der Beschwerden klinisch nachvollziehbar. Darüber hinaus sind sowohl PRG als auch CBZ als sturz-risiko erhöhende Medikamente bekannt (sog. Fall risk increasing drugs). Hinweise auf eine alternative Ursache des Benommenheitsschwindel wie eine Orthostatische Hypotonie oder eine andere Schwindelursache (z.b. peripher-vestibulär) ergaben sich in der aktuellen Vorstellung nicht.
Wir empfehlen eine Reevaluation der Medikation bzgl. der Trigeminusneuralgie, zumal die Patientin nur wenig Verbesserungseffekt unter der Kombinationstherapie angegeben hat. Es sollte ein Reduktions und Auslassversuch von Pregabalin erfolgen. Als Alternative könnte eine höherdosierte CBZ Monotherapie (CAVE Hyponatriämie) oder eine andere Kombinationstherapie z.B. mit Baclofen erprobt werden. Ggf. auch über die Vorstellung in der Schmerzambulanz der Neurologischen Universitätsklinik in Ulm. Eine Abwägung von Nebenwirkungspotenzial und Therapieeffekt bzgl. der Trigeminusneuralgie ist hierbei wichtig. Bei scheitern einer erneuten Medikamentenumstellung sollte ggf. auch eine neurochirurgische Vorstellung erfolgen.

ad 2
Das Gangbild der Patientin ist aktuell von einer antalgischen Gangkomponente mit Schonhinken bei Coxitis links gekennzeichnet. Hinweise auf eine paretische Komponente zeigen sich aktuell nicht. Diese wir aktuell orthopädischerseits behandelt.
Leider überlagert die antalgische Gangstörung aktuell deutlich etwaige zusätzlich bestehende Gangstörungskomponenten, so dass diese ggf. trotz sensor-basierter Ganganalyse nicht ausgemacht worden sein könnten. 

Grundsätzlich ist bei Sturzgefahr ein regelmäßigse Sturzprophylaxetraining mit Gleichgewichts- und Kraftkomponente sowie regelmäßigem Training (2-3x/Wo 30-60min) sowie progressiv angepasstem Schweregrad sinnvoll und kann z.B. über den Seniorensportverein Bethesda bewegt e.V. durchgeführt werden. 

Eine Osteoporose-Ekrankung ist bei der Patientin bekannt die mit Vitamin D und einem Bisphosphonat behandelt wird.",,Filippo,0,,5,5,5,5,5,4,2,5,4,5,5,5,4,4,4,4,5,3,5,1,5,5,5,5,3197.0,1397.0,1979.0,0.7904579043388367,0.7879246473312378,0.8672089576721191,14,20,20,16,19,16
ID#36,Herr Brenner,"Multifaktorielle Gangstörung
- reduziertes Gleichgewicht 
- Hör- und Visusminderung
- Vd. auf milde kognitive Einschränkung

Vorhofflimmern
- orale Antikoagulation mit Apixaban 

Chronische Niereninsuffizienz

Adenokarzinom der Prostata cT2
- watch and wait","Aneurysma der Aorta ascendens (4.5cm)
Arterielle Hypertonie ","Im Rahmen der Vorstellung in der Geriatrischen Instituts- und Sturzambulanz fiel bei Herrn Brenner eine leichte Gangsstörung auf. 

Die Ursachen sind multifaktoriell anzusehen. In der Ganganalyse zeigte sich eine leicht reduzierte Schrittlänge als eine Komponente der Gangsstörung und Risikofaktor für Stürze. 
In der klinischen Untersuchung ergaben sich zusätzlich Hinweise auf eine reduzierte Gleichgewichtsfähigkeit.

Eine orthostatische Dysregulation als Ursache von Stürzen zeigte sich nicht. Die Blutdruckwerte waren aber hypoton (ca. 100/80 mmHg).

Ein kognitives Screening ergab keine messbaren Hinweise auf kognitive Funktionseinschränkungen. Allerdings fiel bei der Ganganalyse eine milde Verschlechterung des Gangbildes unter Doppel-Tätigkeits-Aufgaben (Dual task v.a. beim working memory) auf. Diese können durch subklinische kognitive Defizite bedingt sein. Subjektiv berichtet Herr Brenner von leichten, bisher nicht alltagseinschränkenden, Defiziten.

Im Rahmen eines Medikamentenreviews hinsichtlich Sturzrisiko erhöhender Medikamente fiel die Einnahme von Citalopram 20 mg auf. Herr Brenner nehme das Medikament schon vielen Jahre und habe gute Erfahrungen gemacht. Aktuell ergeben sich keine Hinweise auf eine depressive oder ängstliche Episode. Eine Reduktion oder das Absetzen sollte daher überlegt werden.

Zusammenfassend ergibt sich aus den oben genannten Befunden das Bild einer leichten Gangstörung, mit einzelnen Komponenten, die das Sturzrisiko erhöhen. Insgesamt ist aber von einer guten Mobilität und geringer Sturzgefahr zum jetzigen Zeitpunkt auszugehen. Zum Erhalt und Verbesserung der Mobilität sollte im Fokus sicher ein ausreichendes Ausdauer- und Krafttraining sowie Gleichgewichtsübungen stehen (s. Empfehlungen unten). Ein kognitiv-motorisches Training wäre dabei ideal um auch Doppel-Tätigkeits-Aufgaben zu üben. Außerdem empfehlen wir ein Pertubationstraining als Sturzprophylaxe. 

Wir rieten dem Patienten die bereits regelmäßig besuchten Sportgruppen (Seniorenturen, Aqua Jogging, Tanzen und Fitness) weiterzuführen. Ggf. möchte sich Herr Brenner noch für eine Gedächtnisgruppe anmelden. ","Therapeutische ärztliche Empfehlungen 
  
- auf eine ausreichende Vitamin D-Gabe (1000 IE/die) sollte geachtet werden
- aufgrund der eher hypotonen Blutdruckwerte empfehlen wir die Reduktion der antihypertensiven Therapie (Reduzieren/Absetzen Candesartan) mit einem Zielblutdruck < 140 mmHg systolisch
- Bzgl. der Schilddrüsensubstitution empfehlen wir einen Ziel-TSH-Wert von 4-10 mU/l
- Absetzen oder eine Reduktion von Citalopram sollte erwogen werden. Eine Umstellung auf Sertralin stellt eine weitere Möglichkeit dar. 

Trainings-Empfehlungen

1. Ein Training des reaktiven Gleichgewichts durch Perturbationstraining, zum Beispiel Perturbationslaufband (SturzImpfung). Bei Interesse bei uns im Haus gerne Kontaktaufnahme über unsere Geriatrische Instituts- und Sturzambulanz unter 0731 187-181 (Telefon) oder sturzambulanz.bgu@agaplesion.de (Mail).

2. Ein koordinatives Training bzw. kognitiv-motorisches Training zum Beispiel mit Koordinationsleiter, Senso oder unter dual-tasking im Rahmen einer ergotherapeutischen Einzelbehandlung.

Diese Empfehlungen dienen als Orientierung für weitere therapeutische Maßnahmen.
Zeigen Sie diese Empfehlungen gerne Ihrer behandelnden Therapeutin oder Ihrem behandelnden Therapeuten vor!

Bei Fragen Kontaktaufnahme über 0731 187-181 (Telefon) oder sturzambulanz.bgu@agaplesion.de (Mail). ",Filippo,0,,4,3,4,5,5,3,5,5,4,4,4,4,4,3,4,4,5,5,4,5,5,5,5,5,3833.0,1232.0,2108.0,0.8009924292564392,0.799091637134552,0.832892894744873,19,20,16,18,16,15
ID#37,Herr Mühlbach,"Leichte bis mittelschwere Alzheimer-Demenz 
- Kognitionstestung 02/25: MMSE: 21/30 Punkten, MoCa: 16/30 Punkten
- medikamentöse Therapie mit Donezepil und Memantin 
- Bildgebung: globale Hirnatrophie mit mesiotemporaler Betoung, subkortikale vaskuläre Enzephalopathie 

Geriatrietypische Multimorbidität
- Multifaktorielle Gangstörungen mit rezidivierenden Stürzen 
- Harninkontinenz
- Demenz
- Degenerative Veränderungen: Omarthrose bds, Chronische Lumbalgien 
- chronisch venöse Insuffizienz
- Vd. auf pAVK

Vorhofflimmern 
- orale Antikoagulation mit Apixaban

Hypothyreose ",Z.n. Prostata-Karzinom,"Im Rahmen der Vorstellung in der Geriatrischen Institutsambulanz bestätigte sich die im Alltag dominante Symptomatik zunehmender kognitiver Funktionseinbußen.

In der erweiterten kognitiven Testung zeigte sich im Mini-Mental-Test mit 21 Punkten ein Hinweis auf leichte bis mittelschwere kognitive Einschränkungen. Auch der Montreal Cognitive Assessment (MoCA) bestätigte deutliche kognitive Defizite, insbesondere in den Bereichen Merkfähigkeit/Kurzzeitgedächtnis, zeitliche Orientierung und Sprache. Diese Befunde, in Zusammenschau mit der Anamnese, sind vereinbar mit einer leichten bis mittelschweren Alzheimer-Demenz.

Zusätzlich zur kognitiven Beeinträchtigung besteht eine leichte Gangstörung. Ein objektivierbares Kraftdefizit in den Beinen wurde im Mobilitätstest bestätigt, wobei die Einschränkungen in der Gesamtmobilität als gering einzustufen sind.

Im Rahmen des Medikamentenreviews fiel die Einnahme des Spasmolytikums Trospium auf, das aufgrund seiner anticholinergen Effekte die kognitiven Einschränkungen weiter verstärken kann. Daher empfehlen wir einen Absetzversuch. Die aktuelle antidementive Therapie sollte in der bisherigen Dosierung fortgeführt werden. Eine Indikation für Torasemid ergibt sich aktuell nicht eindeutig, dieses sollte bei aktueller Pausierung, ganz abgesetzt werden.

Therapeutisch stehen nicht-medikamentöse Maßnahmen im Vordergrund, sowohl in Bezug auf die Demenz als auch die leichte Gangstörung. Besonders empfehlenswert sind strukturiertes Krafttraining, Sturzprävention und kognitives Training. Ein Rehabilitationsantrag wurde bereits gestellt. Aus unserer Sicht wäre eine ambulante Rehabilitation die optimale Lösung, um eine kontinuierliche Versorgung im gewohnten Umfeld und die damit verbundene kognitive Stabilität zu gewährleisten. Sollte dies aufgrund von Transportproblemen nicht realisierbar sein, käme alternativ eine stationäre Rehabilitation in Betracht.

Dem Patienten und seiner Ehefrau wurde zudem ein Flyer mit Beratungsangeboten für Demenz-Erkrankte ausgehändigt.","Empfehlung an die weiterbehandelnden Ärzt*innen: 
- Absetzen der Medikation mit Trospium (Spasmolyt)
- regelmäßige Kontrolle der TSH-Werte mit einem Zielwert von 4-10 mU/l 
- Anmeldung zu einer ambulanten/ggf. stationären Rehabiliation 

Empfehlung an die weiterbehandelnden Therapeuten : 
1. Die Teilnahme an einem strukturierten Krafttrainingsprogramm (z.B. medizinische Trainingstherapie, Gerätetraining) mit Fokus auf Schnell- und Explosivkraft (3 x pro Woche).

2. Die Durchführung einer (ambulanten/ stationären) Rehabilitation mit umfangreichen Therapieangeboten der Physiotherapie, Ergotherapie und Bewegungstherapie. Die Antragstellung läuft über Ihren Arzt bzw. Ihre Ärztin.

3. Die Teilnahme an einem gruppenbasierten Kognitionstraining (1-2x pro Woche).


Bei Fragen Kontaktaufnahme über 0731 187-181 (Telefon) oder sturzambulanz.bgu@agaplesion.de (Mail).",Filippo,0,,4,5,3,4,4,4,3,4,3,5,5,4,5,5,5,4,5,4,5,5,3,2,1,3,3547.0,1680.0,2433.0,0.7554157376289368,0.7814291715621948,0.7856820821762085,19,9,16,15,17,19
ID#38,Frau Brenner,"Multifaktorielle Gangstörung 
mit	1) 	sensibel-ataktischer Gangstörung und 
	2) 	antalgischer Gangstörung und
	3) 	apraktischer Gangstörung
		
bei	1A) 	Cervikale Myelopathie Höhe HWK 6 bei hochgradiger Spinalkanalstenose, zuletzt ohne Progress
			Hyperreflexie der UE li>re, Hinterstrangsyndrom
			Empfehlung: aktuell keine OP gewünscht, Reevaluation 
	1B)	Polyneuropathisches Syndrom sensomotorisch axonal DD malnutritiv bei Vit B12 Mangel DD idiopathisch
			Empfehlung: weiterführende laborchemisch Abklärung ggf. Therapie	
	2)	Z.n. Osteomyelitis des linken Mittelfußes DD Tuberkulose-assoziiert in Kindheit mit mehrere Fußoperationen links und chronischen Schmerzen Sprunggelenk links
	3)	Dual Tasking Probleme in Ganganalyse DD im Sinne beginnendes Mild cognitive impairment 
			Empfehlung: Training unter Dual Task Bedingungen, bei Verschlechterung der Kognition ggf. weitere Abklärung.
	4)	Verminderte funktionelle Beinkraft im Stuhlaufstehtest

5) Osteoporose
 	anamnestisch Z.n. iv Behandlung mit Medikament (Zolendronsäure?)
	Empfehlung: Reevaluation mit Knochendichtemessung und ggf. erneute spezifische Osteoporosetherapie

Carpaltunnelsyndrom bds., mit Z.n. OP bds.
Z.n. Humerusfraktur links 2022 mit Schultergelenks TEP
Z.n. Deckplattenimpressionsfraktur 2012
Diabetes mellitus Typ 2
Hyperlipidämie
Arteriosklerose der Aa. carotis internae
Hashimotothyreoiditis
Art. Hypertonus",,"Im Rahmen der Vorstellung in der Geriatrischen Instituts- und Sturzambulanz fielen mehrere Komponente einer Gangstörung und Sturzneigung auf:

ad 1A und 1B) 
Es fiel eine sensibel-ataktische Gangstörung a.e. bei bekannter Cervikaler Myelopathie. Klinisch fällt eine Hyperreflexie sowie ein Hinterstrangysndrom auf, Hinweise auf Paresen oder Blasen-/Mastdarmstörungen ergeben sich nicht. Die Myelopathie ist bereits mehrfach kernspintomographisch kontrolliert worden und zeigte zuletzt keinen klaren Progress. Die Patientin gibt klar an, dass sie eine operativen Behandlung aktuell nicht in Betracht zieht, was aus unserer Sicht nachvollziehbar ist. Sollte es zu einer akuten Verschlechterung und z.B. dem Auftreten von Paresen oder Blasen-/Mastdarmstörugnen kommen, sollte dennoch eine ggf. notfällige vorstellung in einer geeigneten Klinik mit Erfahrung im Bereich Rückenoperationen erfolgen. 
DD kommt als zusätzlich Komponente eine ebenfalls bereits vorbeschriebene Polyneuropathie als zusätzlich Komponente in Betracht. Diesbzgl. empf empfehlen wir zur weiteren Abklärung eine laborchemische Diagnostik insb. bzgl. potenziell modifizierbarer Ursachen: Vitamin B12, Holotranscobalamin, Methylmalonsäure, Vit. B6, Vit B1, Folsäure, Serum-Ephorese (MGUS?), Vasculitisscreening (BSG, CRP; ANA, ANCA, Hepatitis C), HbA1c.
Wir empfehlen zur Behandlung der sensibl-ataktischen Gangkomponente: ein Gruppenbasiertes strukturiertes Sturzpräventionsprogramm bspw. nach dem Ulmer Modell (2-3x/Wo 30-60min) mit gezielten Übungen für Gleichgewicht und Kraft mit regelmäßiger Anpassung des Schwierigkeitsgrads an das individuelle Niveau. Ggf. kann diese auch im Rahmen einer Eigentraining z.B. nach dem Life-Alltagsübungsprogramm (www.life-alltagsübungen.de) erfolgen.
In einer Einzel-Physiotherapie sollte insb. der Aufbau der funktionellen Beinkraft, vor allem auch Schnell- und Explosivkrafttraining, Training unter Dual task Bedingungen (z.B. Dividat Senso) und gezieltes Gleichgewichtstraining auch in der Dynamik erfolgen. Auch das Üben von Aufstehen nach erfolgtem Sturz sollte erfolgen. Gerne diese Empfehlungen beim Physiotherapeuten vorzeigen
Zusätzlich ist ein Perturbationstraining z.B. auf einem Laufband zum Training von Ausfall uns Abfangschritten sinnvoll. Dieses kann im Rahmen der sog. SturzImpfung in unserer Ambulanz erfolgen. Bei Interesse und Fragen gerne Kontaktaufnahme über unsere Sturzambulanz unter Tel. 0731 187 181 oder Homepage www.sturzimpfung-ulm.de.

ad 2) -
Es fiel in eine antalgisches Gangbild mit Schonhinken der linken UE bei Z.n. mehrere Fußoperationen bei DD Osteomyelisits in der Kindheit auf.
Ggf. kann hier eine erneute Beratung bzgl. orthopödischer Einlegesohlen oder Orthopädieschuhanpassungen eine Option darstellen.

ad 3)
Es ergab sich der V.a. leichte apraktische Gangkomponente mit Verschlechterung der Gangparameter im Dual Task Test. Diese sind oft auf subklinische kognitive Defizite bedingt. Ein Kognitives Screening ergab keine Hinweise auf  kognitive Defizite.
Wir empfehlen die unter 1) genannten Therapiemaßnahmen, unter Doppel-Tätigkeit durchgeführt werden, in kritischen Motoriksituationen im Alltag sollte dagegen auf volle Konzentration (z.B. keine Gespräche beim Gehen) geachtet werden, um weitere Sturzereignisse zu vermeiden.
Sollten die Beschwerden progredient erscheinen, empfehlen eir zur weiteren Abklärung im Verlauf ggf. eine gezielte kognitive Testung (z.B. normaler MOCA Test), cerebrale Bildgebung, ggf. Liquorpunktion. Diese kann z.B. über einen niedergelassenen Neurologen/Psychiater oder die Gedächtnisambulanz des ZfP Südwürttemberg in der Bethesda Klinik (Tel 0731 187 5317) erfolgen.

ad 4)
Im Stuhlaufstehtest fiel eine mittelgradige Reduktion der funktionellen Beinkraft auf. Hinweise auf manifeste Paresen ergaben sich klinisch-neurologisch nicht. 
Neben gezieltem Krafttraining empfehlen wir die Einnahme ausreichender Proteinmenge zur Verbesserung des Muskelaufbaus (1,2g Protein/kg Körpergewicht pro Tag). 

ad 5)
Auf Grund seines Alters, der Vorerkrankungen und der vorliegenden geriatrischen Syndrome sowie anhand der bestehenden Anamnese einer vormaligen Therapie, besteht der V.a. eine Osteoporose Erkrankung. 
Wir empfehlen zur weiteren Abklärung eine Vorstellung beim niedergelassenen Osteologen (z.B. Praxis Spiess, NU oder Praxis Radlmayer, Ulm) sowie die Durchführung einer Knochendichtemessung sowie ggf. die Einleitung einer spezifischen Osteoporosetherapie. 
Wir empfehlen die Fortführung der Vitamin D Substitution sowie je nach Laborwert auch die Subsitution von Calcium.

Im Rahmen eines Medikamentenreviews hinsichtlich Sturzrisiko erhöhender Medikamente (fall risk increasing drungs (FRID)) fiel kein als kritisch zu bezeichnendes Medikament auf.",,Filippo,1,,3,4,3,4,4,4,4,4,3,5,3,3,4,1,3,4,4,3,3,2,4,3,3,3,6189.0,1779.0,4482.0,0.7507191300392151,0.7495721578598022,0.8002358675003052,12,13,14,16,14,12
ID#39,Herr Schulte,"Multifaktorielle Gangstörung 
mit	1) 	sensorisch-ataktische Gangstörung 
	2)	V.a. leichte apraktische Gangstörung
			
bei	1A) 	Polyneuropathisches Syndrom unklarer Genese DD malnutritiv DD idiopathisch
			Empfehlung: weiterführende laborchemische und elektrophysiologische Abklärung ggf. Therapie	
	1B)	Sekundär eingeblutete cerebrale Ischämie parietal und temporal rechts 07/22
			mit residueller Beinataxie links, V.a. Störung der Raumwahrnehmung DD visueller Neglect
			Empfehlung: Ergotherapie Einzel zum Training der Raumwahrnemung und Erlernen Kompensationsstrategien
	1C)	Z.n. Netzhautablösung RA (deutliche Defizite) und LA (geringe Defizite)
	2)	V.a. Mild cognitive impairment
			Auffälligkeiten im Dual-Task Gang, im kognitiven Screening keine Auffälligkeiten
			Empfehlung: Verlaufskontrolle mittels MoCA Test in 3-6 Monaten

AA bei Vorhofflimmern
Mastozytose
Refluxerkrankung
Z.n. Thyroidektomie
Z.n. Prostata CA mit radikaler Prostatektomie 2007",,"Im Rahmen der Vorstellung in der Geriatrischen Instituts- und Sturzambulanz fielen mehrere Komponente einer Gangstörung auf:

ad 1A)
Es fiel eine sensorisch-ataktische Gangstörung auf die a.e. multifaktoriell bedingt erscheint. Es fiel ein polyneuropathisches Syndrom aktuell unklarer Genese auf. 
Wir empfehlen zur weiteren Abklärung eine laborchemische Diagnostik insb. bzgl. potenziell modifizierbarer Ursachen: Vitamin B12, Holotranscobalamin, Methylmalonsäure, Vit. B6, Vit B1, Folsäure, Serum-Ephorese (MGUS?), Vasculitisscreening (BSG, CRP; ANA, ANCA, Hepatitis C). Ein HbA1c Wert war in einer Laborentnahme aus 10/23 leicht erhöht bei 6,4%, der Pat. berichtet über eine Gewichtszunahme und vermehrtes Essen sei Beendigung des regelmäßige Alkoholkonsums, diesbzgl. sollte eine genauere Testung bzgl. eines Diabetes erwogen werden.
Wir empfehlen eine elektrophysiologische Untersuchung beim niedergelassenen Neurologen zur Sicherung der klinischen Diagnose.
Wir empfehlen zur Behandlung der sensorisch-ataktischen Gangkomponente: ein strukturiertes Sturzpräventionsprogramm z.B. Gruppenbasiert nach dem Ulmer Modell (2-3x/Wo 30-60min) mit gezielten Übungen für Gleichgewicht und Kraft mit regelmäßiger Anpassung des Schwierigkeitsgrads an das individuelle Niveau. Alternativ kann der Pat. auch ein Eigentraining in seinen Alltag integrieren, z.B. anhand des LiFE Trainings. (www.life-alltagsuebungen.de).
Zusätzlich ist ein Perturbationstraining z.B. auf einem Laufband zum Training von Ausfall uns Abfangschritten sinnvoll. Dieses kann im Rahmen der sog. SturzImpfung in unserer Ambulanz erfolgen und wurde von dem Pat. bereits zweimal genutzt mit subjektiver Besserung der Gangsicherheit. Bei Interesse und Fragen gerne Kontaktaufnahme über unsere Sturzambulanz unter Tel. 0731 187 181 oder Homepage www.sturzimpfung-ulm.de. 

ad 1B) und 1C)
Es fielen klinisch Defizite im Rahmen der Raumwahrnehmung sowie eine Beinataxie links auf. Diese sind zum Einen auf die stattgehabte hochparietal gelegene cerebrale Ischämie und zum Anderen auf die Visustörung mit auch H.a. fingerperimetrischen Gesichtsfelddefekten zurückzuführen.
Wir empfehlen darüber hinaus ergänzend zu den unter ad 1) genannten Therapiemaßnahmen eine ergotherapeutische Einzeltherapie mit dem Ziel der Verbesserung der Raumwahrnehmung sowie ggf. Erlernen von Kompesnationsstrategien.
Wir empfehlen bzgl. der Visusstörungen auf das Tragen einer Gleitsichtbrille, die den Wechsel zwischen Nah- und Fernsicht ebenfalls erschweren kann, zu verzichten und stattdessen lieber eine einzelene Brille für Fern- und eine andere für Nahsicht zu verwenden.

ad 2)
Es fiel eine leichte apraktische Gangkomponente mit Verschlechterung der Parameter der Ganganalyse unter semantischen Doppel-Tätigkeits-Aufgaben (Dual task), jedoch noch unterhalb des Cut offs von 20%, auf. Diese können durch subklinische kognitive Defizite bedingt sein. Subjektiv berichtet der Pat. von langsam progredienten Hirnleistungsstörungen, die teilweise eine Relevanz für seinen Alltag haben. Ein kognitives Screening ergab hier keine messbaren Hinweise auf kognitive Defizite.
Wir empfehlen zur weiteren Abklärung eine Verlaufskontrolle mit einem für das hohe kognitive Ausgangsneveau des Patienten geeigneten kognitiven Kurztest (z.B. normaler MOCA Test) in 3-6 Monaten sowie die weitere Verlaufsbeobachtung bei anhaltenden oder progredienten Beschwerden ggf. Vorstellung in einer Gedächtnisambulanz (z.B. des ZfP Südwürttemberg in der Bethesda Klinik (Tel 0731 187 5317)).  
Wir empfehlen darüber hinaus ergänzend zu den unter 1) genannten Therapiemaßnahmen, dass diese gezielt auch unter Doppel-Tätigkeit durchgeführt werden.

ad 6)
Auf Grund seines Alters, der Vorerkrankungen und der vorliegenden geriatrischen Syndrome besteht der V.a. eine Osteoporose Erkrankung. 
Wir empfehlen zur weiteren Abklärung eine Vorstellung beim niedergelassenen Osteologen (z.B. Praxis Spiess, NU oder Praxis Radlmayer, Ulm) sowie die Durchführung einer Knochendichtemessung sowie ggf. die Einleitung einer spezifischen Osteoporosetherapie. 
Eine Vitamin D Substitution wird bereits als Basistherapie durchgeführt.

Im Rahmen eines Medikamentenreviews hinsichtlich Sturzrisiko erhöhender Medikamente (fall risk increasing drungs (FRID)) und generell fiel die Einnahme von Propranolol, sowie Levoceterizin und Rupatadin auf. Auf Rupatadin/Ceterizin ist auf Grund der Mastozytose aktuell nicht zu verzichten. Bzgl. einer Herzfrequenzstabilisierung gibt es jedoch spezifischer am Herzen wirkende Betablocker als Propranolol (z.B. Metoprolol, Nebivolol), die weniger systemische Hypotonie als NW machen können. Ein Schellongtest ergab jedoch kein H.a. eine OH.
Zusätzlich fiel unabhängig vom Sturzrisiko die Einnahme von Allopurinol auf. Der Pat. berichtet bisher nie einen Gichtanfall gehabt zu haben, so dass die Indikation des Medikaments kritisch geprüft werden sollte. Etoricoxib nimmt der Pat. bedarfsweise bei HWS- und Knieschmerzen ein, hier könnte eine Behandlung mit Metamizol eine Alternative darstellen.",,Filippo,0,,4,5,4,4,5,4,5,5,3,4,4,4,4,4,4,4,5,4,4,4,3,3,2,3,6052.0,1488.0,3743.0,0.7427240610122681,0.7642920017242432,0.8023331761360168,17,11,17,19,15,16
ID#40,Frau Schulte,"Vd. auf mittelschwere bis schwere Demenz 
- Ätiologie: a.e. Alzheimer-Demenz 
- MoCA: 4/30 Punkten 

Leichtgradige Gangstörung
- rezidivierende Stürze
- Hör- und Sehminderung ","Hypothyreose
- Z.n. unklarer Schilddrüsenoperation ","Im Rahmen der Vorstellung in unserer Geriatrischen Instituts- und Sturzambulanz zeigte sich auf Grundlage der aktuellen Eigen- und Fremdanamnese das deutliche Bild einer Demenz.
Die Patientin weist seit mehreren Jahren kognitive Defizite auf, die sich im vergangenen Jahr laut Angabe der Bezugsperson deutlich verschlechtert haben. Es bestehen zunehmende Gedächtnisstörungen, Orientierungsprobleme sowie eine eingeschränkte Handlungsplanung, welche sich bereits deutlich auf die Alltagskompetenz auswirken. Zu Eigen- oder Fremdgefährdung kam es bisher nicht.

In der kognitiven Testung mittels MoCA (Montreal Cognitive Assessment) erreichte die Patientin einen Gesamtwert von 4 von 30 Punkten, was auf eine schwergradige kognitive Beeinträchtigung hinweist. Klinisch und anamnestisch ergibt sich aktuell der Verdacht auf eine Alzheimer-Demenz als wahrscheinlichste Ätiologie. Eine weiterführende Diagnostik wurde bislang nicht durchgeführt.

Zusätzlich zeigt sich eine leichtgradige Gangstörung. Die Mobilität innerhalb der Wohnung ist erhalten. Die Gehgeschwindigkeit und Muskelkraft liegen noch im altersentsprechenden Normbereich. Beim Gleichgewicht zeigen sich leichte Defizite Bisher kam es zu zwei sturzbedingten Ereignissen ohne Verletzungsfolgen. 

Zusammenfassend ergibt sich auf Grundlage der ausgeprägten kognitiven Defizite und der klinischen Gesamtsituation der dringende Verdacht auf eine bislang nicht diagnostizierte Demenz.

Im Vordergrund steht somit die Einleitung einer strukturierten Demenzdiagnostik sowie die Bewältigung der bestehenden sozialmedizinischen Versorgungsproblematik. Angesichts der fortgeschrittenen Symptomatik und der zunehmenden Überforderung im Alltag ist eine umfassende Einschätzung der Pflegebedarfe sowie die Organisation externer Unterstützungsangebote dringend erforderlich.","Diagnostik:
    Durchführung einer Demenzabklärung mit zerebraler Bildgebung (idealerweise MRT)
    Labordiagnostik zum Ausschluss potenziell reversibler Demenzursachen (u.a. Vitamin B12, Folsäure, TSH, Elektrolyte etc.)

Therapie:
    Beginn einer antidementiven Therapie mit einem Acetylcholinesterasehemmers (z.B. Beginn mit Rivastigmin 4,6 mg/24h, Aufdosierung nach 4 Wochen bei guter Verträglichkeit und EKG-Kontrolle), ggf. auch NMDA-Rezeptorantagonist (z.B. Memantine) 

Sozialmedizinische Maßnahmen:
    Einleitung einer Pflegegradeinstufung
    Organisation externer Hilfen (z.B. ambulanter Pflegedienst)
    Anpassung geeigneter Hilfsmittel (Rollator, Notfallknopf etc.) 
    Unterstützung bei der Organisation der Medikamenteneinnahme

Die weiteren diagnostischen und therapeutischen Schritte sollten idealerweise im Rahmen eines stationären Aufenthaltes erfolgen, um eine strukturierte Abklärung, Behandlungseinleitung und sozialmedizinische Koordination zu gewährleisten.
Wir empfehlen daher eine Zuweisung z.B. in die alterspsychiatrische Klinik in Günzburg als die für den Wohnort der Patientin zuständige alterspsychiatrische Klinik.

Bei Fragen Kontaktaufnahme über 0731 187-181 (Telefon) oder sturzambulanz.bgu@agaplesion.de (Mail).",Filippo,0,,4,5,4,4,5,4,5,5,4,4,4,4,4,4,4,4,1,1,1,1,5,5,5,5,3350.0,1173.0,1556.0,0.7589922547340393,0.7262879014015198,0.7219233512878418,4,20,17,19,16,16
ID#41,Frau Brenner,"Multifaktorielle Gangstörung mit rez. Stürzen und multiplen Frakturen
mit	1) 	spastisch-ataktischer Gangstörung und 
	2) 	Dual-Task Probleme
		
bei	1) 	Paraspastik und Hinterstrangsyndrom der unteren Extremitäten unklarere Genese
			Empfehlung: MRT der HWS und BWS zum Ausschluss einer Spinalkanalstenose, Laborchemische DD		
	2)	V.a. Mild cognitive impairment
MoCA 5 min aktuell: 22,5/30 Punkte
02/24 MMSE 30 von 30 Punkten
03/23 TFDD Demenz Score 36/50 
01/17 DemTect 13 Punkte
04/17 MMSE 24 von 30 Punkten
			Empfehlung: Bei Gangverschlechterung unter Dual task Bedingungen weiterführende Abklärung inkl. MoCA Test, Therapieversuch z.B. Rivastigmin im Verauf
	3) Schädlicher Gebrauch von Alkohol
4) Hyponatriämie
5) Sarkopenie","Osteoporose
Spezifische Therapie mit Denosumab
Z. n. Radiusfraktur und Fraktur D5 rechts 03/23 
Z. n. Schenkelhalsfraktur rechts 03/21
Z. n. Beckenringfraktur Typ B durch mehrfache Stürze 12/2016
- Fixateur interne
- Z. n. Fixateur externe bis 02.02.2017
Z. n. Schambeinastfraktur rechts 11/2016, sturzbedingt
Z. n. Humerus-Trümmerfraktur rechts ca. 1994
Z. n. Schulter-OP beidseits bei sturzbedingten Frakturen
V. a. Karpaltunnelsyndrom rechte Hand, Fingergelenksarthrosen
V. a. Epilepsie bei V. a. komplex-fokalen Krampfanfall mit postiktaler Aphasie am 03.03.2017 mit Sturz, BWK Ulm
Medikation mit Levetiracetam, aktuell kein Antiepileptikum mehr
Sick-Sinus-Syndrom 
Rezidivierende AV-Tachykardien
Koronare Herzkrankheit
Arterielle Hypertonie, hypertensive Herzkrankheit
Rezidivierende Harnwegsinfekte, Harninkontinenz
Ex-Nikotinabusus
Interm. Tinnitus","Im Rahmen der Vorstellung in der Geriatrischen Instituts- und Sturzambulanz fielen mehrere Komponente einer Gangstörung und Sturzneigung auf:

ad 1) 
Es fiel in eine spastisch-ataktische Gangstörung bei Tonuserhöhung der unteren Extremitäten mit gesteigerten Reflexen im Sinne einer Paraspastik sowie eines Hinterstrangsyndroms auf. 
Wir empfehlen zur weiteren Abklärung ein MRT der HWS und BWS zum Ausschluss einer Spinalkanalstenose sowie auch laborchemische Diagnostik bzgl. einer malnutritiven oder infektiösen Genese: Vitamin B12, Holotranscobalamin, Methylmalonsäure, Folsäure, Serum Kupfer, Treponema pallidum Hämagglutinationstest. Ggf. auch in einem weiteren Schritt eine Lumbalpunktion.
Wir empfehlen zur Behandlung der spastisch-ataktischen Gangkomponente: ein Gruppenbasiertes strukturiertes Sturzpräventionsprogramm bspw. nach dem Ulmer Modell (2-3x/Wo 30-60min) mit gezielten Übungen für Gleichgewicht und Kraft mit regelmäßiger Anpassung des Schwierigkeitsgrads an das individuelle Niveau. Das Erlernen bzw. Beüben von Kompensationsschritten, ein koordiniertes Training / sensomotorisches Gleichgewichtstraining (bspw. Postoromed /Dividat).
Zusätzlich ist ein Perturbationstraining z.B. auf einem Laufband zum Training von Ausfall uns Abfangschritten sinnvoll. Dieses kann im Rahmen der sog. SturzImpfung in unserer Ambulanz erfolgen. Bei Interesse und Fragen gerne Kontaktaufnahme über unsere Sturzambulanz unter Tel. 0731 187 181 oder Homepage www.sturzimpfung-ulm.de. 

ad 2)
Es fiel eine Verschelchterung der Gangparameter im Rahmen von Doppeltätigkeitsaufgaben (Dual-Task) auf. Diese sind oft durch subklinische kognitive Defizite bedingt. Ein Kognitives Screening ergab Hinweise auf leichte kognitive Defizite, diese haben bisher keine Alltagsrelevanz für die Patientin. DD gehen wir von einem Mild cognitive impairment aus.
Wir empfehlen zur weiteren Abklärung eine gezielte kognitive Testung (z.B. normaler MOCA Test), sowie eine weitere Verlaufskontrolle der Kognition. Sollten sich die kognitiven Defizite bestätigen bzw. Verschlechterung, empfehlen wir zur weiteren Abklärung ggf. eine cerebrale Bildgebung, ggf. Liquorpunktion z.B. über den niedergelassenen Neurologen oder Psychiater.
Wir empfehlen darüber hinaus geränzend zu den unter 1) genannten Therapiemaßnahmen, dass diese gezielt auch unter Doppel-Tätigkeit durchgeführt werden, in kritischen Motoriksituationen im Alltag sollte dagegen auf volle Konzentration (z.B. keine Gespräche beim Gehen) geachtet werden, um weitere Sturzereignisse zu vermeiden.

ad 3)
Frau Brenner berichtet über einen täglichen Alkoholkonsum (3-4 Gläser Weinschorle/Tag). Sie selbst nimmt diesen Gebrauch nicht als schädlich wahr. Chronischer Alkoholkonsum kann zu einer Schädigung der peripheren Nerven führen. Zudem setzt Alkoholkonsum das Reaktionsvermögen herab und kann eine Gangunsicherheit verstärken. 
Wir empfehlen daher eine Alkoholkarenz. 

ad 5)
In den Vordiagnosen ist eine Hyponatriämie aufgeführt. Zudem nimmt Frau Brenner täglich Kochsalztabletten ein. Leider lagen uns keine aktuellen Laborwerte vor. Eine Hyponatriämie kann eine Gangstörung auslösen bzw. verschlechtern. Wir empfehlen daher eine Abklärung der Hyponatriämie mittels Bestimmung der Serumosmolalität und Urinosmolalität zum Ausschluss eines SIADH. Die Kochsalztabletten bitte im Vorfeld der Abklärung mit 72h absetzen. Die aktuell bestehende Medikation erscheint unkritisch für die Induktion der Hyponatriämie.

ad 6)
Im Rahmendes Stuhlaufstehtests fiel bei der Pat. eine leicht reduzierte Beinkraft auf. 
Wir empfehlen ein regelmäßiges Krafttraining, welches vor allem explosives Krafttraining bzw. Schnellkrafttraining umfasst.

Im Rahmen eines Medikamentenreviews hinsichtlich Sturzrisiko erhöhender Medikamente (fall risk increasing drungs (FRID)) war die Einnahme keines inadäquaten Medikamentes auffällig.","1. Laborchemische Diagnostik bzgl. einer malnutritiven oder infektiösen Genese: Vitamin B12, Holotranscobalamin, Methylmalonsäure, Folsäure, Serum Kupfer, Treponema pallidum Hämagglutinationstest. Ggf. auch in einem weiteren Schritt eine Lumbalpunktion.
2. MRT HWS/BWS zum Ausschluss Spinalkanalstenose
3. Gezielte kognitive Testung (z.B. normaler MOCA Test)
4. Alkoholkarenz, ggf. Inanspruchnahme von Unterstützungsangeboten
5. Abklärung der Hyponatriämie falls noch nicht erfolgt mittels Bestimmung der Serumosmolalität und Urinosmolalität zum Ausschluss eines SIADH.
6. Eine physiotherapeutische Einzelbehandlung auf neurophysiologischer Grundlage, wie zum Beispiel PNF oder Bobath sowie die Durchführung eines gezielten Boden-Aufstehtrainings, zum Beispiel nach der Backward Chaning Methode. ggf. auch unter Doppeltätigkeitsaufgaben. Das Erlernen bzw. Beüben von Kompensationsschritten, ein koordiniertes Training / sensomotorisches Gleichgewichtstraining (bspw. Postoromed /Dividat).
7. Die Teilnahme an einem gruppenbasierten Sturzpräventionstraining mit den Schwerpunkten auf funktionellem Krafttraining und Gleichgewicht (3 x pro Woche). 
8. Eine ergotherapeutische Einzelbehandlung mit dem Fokus auf kognitives Training bzw. Hirnleistungstraining. ",Filippo,0,,4,5,4,4,4,4,4,4,3,4,4,4,4,2,3,4,3,3,3,3,5,5,5,4,6750.0,1531.0,4135.0,0.7790104150772095,0.8067339062690735,0.8113660216331482,12,19,17,16,15,13
ID#42,Frau Wengenfort,"Multifaktorielle Gang- und Gleichgewichtsstörung mit Sturztendenz und Sturzangst 
mit	1. sensorisch-ataktischer Gangstörung
	2. fragl. Schwindel- und Bewusstlosigkeitsepisoden
	
bei	1A. axonale Polyneuropathie, unklarer Genese
		1B V.a. sekundäres Restless legs Syndrom bei PNP
			Empfehlung: Therapieversuch mit Dopamingerikum
	1C Rez. Operationen der Füße
		u.a. Hallux OP, Mittelfußbruch re
	2. Orthostatische Hypotension
		pathologischer Schellongtest, keine sichere Schwindelsymptomatik 
	
Z.n. Hüft-TEP re bei Coxarthrose
 
Essentieller Tremor
	seit > 40Jahren, wenig Alltagsrelevanz, leichter Haltetremor, intermittierender Ruhetremor re OE
	Zuletzt Dosis von 2x 10mg auf 2x 20mg Propranolol erhöht, ohne wesentlichen Effekt, ehemaliger Auslassversuch aber mit Verschlechterung der Tremorbeschwerden

3. V. a. Osteoporose, 
	Osteologische Vorstellung empfohlen","Anamnestisch lumbale SKS DD chron. Lumbalgien
Rez. Harnwegsinfektionen, jeweils mit Notwndigkeit einer Antibiotikatherapie
V.a. Obstruktives Schlafapnoe-Syndrom","Frau Wengenfort stellte sich unter oben genannten Diagnosen und Anamnese in unserer Sturzambulanz vor. Klinisch und anamnestisch fallen bei der Pat. vor allem zwei Komponenten einer Gangstörung bzw. Schwindelsymptomatik auf:

ad 1A 
Die Patientin beschreibt bereits seit langem unter einer sensiblen Polyneuropathie unklarer Genese zu leiden. Passend dazu zeigt sich klinisch und auch in der Ganganalyse eine senibel-ataktische Gangstörung mit Verschelchterung der Beschwerden bei Augenschluss und bei unebenem Grund. Eine motorische Komponente der PNP fällt klinisch nicht auf. 
Wir empfehlen ggf. eine erneute laborchemische PNP Abklärung, eine vormalige Abklärung vor Jahren hätte keine pathologischen Befunde ergeben: Vitamin B1, B6, B12, Methylmalonsäure, Holotranscobalamin, Serum-Elektrophorese, HbA1c, ANA, Anca.
Wir empfehlen zur weiteren physiotherapeutischen Behandlung die Teilnahme an einer Sturzpräventionsgruppe, bspw. über den Alterssportverein Betehsda Bewegt e.V. in dem die Pat. bereits aktiv ist. Wichtig ist hierbei, dass geeignete Übungen für Kraft und Balance regelmäßig ca. 3x/Wo 30-60min, ggf. auch in Eigentraining durchgeführt werden.
Wir empfehlen außerdem die Durchführung eines sturzprophylaktischen Perturbationslaufband-Trainings (sog. Sturzimfung) in unserem Hause, die in Studien das Sturzrisiko um bis zu 50% senken konnte. Bei Interesse kann eine Terminvergabe unter Tel. 0731 187 469 oder www.sturzimpfung-ulm.de erfolgen.

ad 1B
Bzgl. der berichteten Dysästhesie und Parästhesie-Beschwerden mit Betonung auf dem Abend und Besserung auf Bewegung besteht der V.a. ein sekundäres Restless legs Syndrom im Rahmen der Polyneuropathie.
Wir empfehlen hier den Therapieversuch mit einer dopamingergen Substanz wie z.B. Pramipexol nach u.g. Steigerungsschema. 
Wir empfehlen außerdem die Bestimmung des Eisenhaushalts, z.B: Serum Eisen, Transferin-Sättigung und Ferritin sowie bei Eisenmangel ggf. die Substitution, da bei RLS Beschwerden der Ferrtin Spiegel bei ca. 200-300ng/ml sein sollte.
Sollten sich die Beschwerden hierunter stabilisieren, empfehlen wir das Absetzen der Pregabalinmedikation. 
 
ad 2
Es fiel ein pathologischer Schellongtest als Hinweis auf eine klassische Orthostatische Hypotonie bei der Pat. auf, diese klagt jedoch nicht über regelmäßigen Benommenheitsschwindel oder Stürze nach Orthostase-Situationen. Die Vormalig angegebene Bewusstlosigkeit in Assoziation zu den aufgetretenen Stürzen gab die Pat. aktuell nicht mehr an. Daher ist die Assoziation mit den Sturzerigenissen zur OH aktuell nicht ganz klar. 
Wir haben die Pat. bzgl. nicht-medikamentöser Behandlungsoptionen einer OH beraten (Bahnungsmanöver vor Aufstehen, Oberkörperhochlagerung in der Nacht, rasches Trinken von ca. 400ml Wasser in ca. 5min vor dem Aufstehen, Tragen von Kompressionsstrümpfen bis zur Leiste oder eines kompresssiven Bauchgurtes. Darüber hinaus hat die Pat. mit Propranolol für ihren Essentiellen Tremor ein potenziell OH verstärkendes Medikament. Dieses wurde vor kurzem von 2x 10mg auf 2x 20mg erhöht, bisher hat die Pat. keinen positiven Effekt auf ihren ET verspürt, wir empfehlen daher die erneute Dosisreduktion auf 2x 10mg. Ein vormaliger Auslassversuch des nur niedrig dosierten Propranolol hatte jedoch zu einer Verschelchterung des Tremor geführt, wir würden die Medikation daher empfehlen niedrig-dosiert beizubehalten.
Die Ergebnisse einer kardiologischen Diagnostik stehen bei Vorstellung noch aus, sollten ggf. ebenfalls Berücksichtigung finden.
Sollten sie im Verlauf die Hinweise auf eine OH als Sturzursache verstärken, kann ggf. aber die o.g. Maßnahmen revidiert werden.

ad 3
Es besteht der Verdacht auf eine Osteoporose-Erkrankung vor dem Hintergrund des Alters und des Geschlechts der Patientin (siehe auch Frax Risiko Rechner unten).
Wir empfehlen eine regelmäßige Vitamin D Medikation, ggf. auch Calcium nach laborchemischer Bestimmung zusätzlich zu substituieren. 
Wir empfehlen außerdem die Vorstellung bei einem niedergelassenen Osteologen (z.B. Praxis Radlmayer, Ulm oder Praxis Spiess, NU) sowie die Anfertigung einer Knochendichte-Messung und ggf. den Beginn einer spezifischen Osteoporosetherapie.",,Filippo,1,,3,5,4,4,5,4,5,5,4,4,4,4,4,4,4,4,3,5,2,3,5,5,5,5,5253.0,1645.0,3951.0,0.75923091173172,0.7738648056983948,0.8608596324920654,13,20,16,19,16,16
ID#43,Frau Groß,"Multifaktorielle Gangstörung 
mit	1) 	hypokinetisch-rigide Gangstörung und 
	2) 	apraktische Gangstörung und
	3) 	sensibel-ataktische Gangstörung und
	4)	paretische Gangstörung
		
bei	1) 	Idiopathisches Parkinsonsyndrom, rechtsbetont vom hypokinetisch-rigiden Typ, mit Wirkflutkuationen (Freezing), Hoehn und Yahr IV, ED 2013
			Empfehlung: gut medikamentös eingestelltes hypokinetisch-rigides Syndrom, teilw. Freezing Beschwerden
	2)	V.a. Mild cognitive impairment im Rahmen des iPS
			Empfehlung: Bei Gangverschlechterung unter Dual task Bedingungen empfehlen wir eine weiterführende Abklärung
	3)	Polyneuropathisches Syndrom unklarer Genese DD malnutritiv DD idiopathisch
			Empfehlung: weiterführende laborchemisch Abklärung ggf. Therapie			
	4)	Leichtes Trendelenburgzeichen re>li bei Z.n. multiplen Hüft-TEP Operationen
			Empfehlung: gezieltes Krafttraining mit FokuS Mm. gluteus medius bds.

5) Osteoporose
	Teriparatid Behandlung

Z.n. Beckenringfraktur  2019
Z.n. Hüft-TEP Implantation bds. bei Coxarthrose 2010 und 2011 sowie Revision 2019 rechts bei Schaftlockerung
Zehendeformität D II und III rechts
Chrondromalazie Kniegelenk rechts",,"Im Rahmen der Vorstellung in der Geriatrischen Instituts- und Sturzambulanz fielen mehrere Komponente einer Gangstörung und Sturzneigung auf:

ad 1) 
Es fiel in eine hypokinetisch-rigide Gangkomponente im Rahmen des idiopathischen Parkinsonsyndroms auf. Bis auf vereinzelte Freezingbeschwerden erscheint die Erkrankung mit der aktuellen Medikation aber subjektiv wie auch klinisch-neurologisch gut kontrolliert. Für die relevante posturale Instabilität besteht keine Möglichkeit der medikamentösen Behandlung, es stehen physiotherapeutische Maßnahmen im Vordergrund. Wir empfehlen daher die Fortführung der aktuellen Therapie. 
Wir empfehlen zur Behandlung des iPS die Physiotherapie anhand des LSVT-BIG Programms auszurichten bzw. zu ergänzen bei diesem werden gezielt größere Bewegugnsamplituden eingeübt. Des weiteren kann ein Laufbandtraining sinnvoll sein. Das Ausrichten der Therapie aber auch von Alltagssituation anhand eines Rhyhtmus z.B. Metronom kann als extener Taktgeber hilfreich sein Freezingbeschwerden zu reduzieren. Darüber hinaus sollte ein gezieltes Training von Ausfallschritten sowie ein Perturbationsstraining z.B. auf einem Laufband erfolgen. Dieses kann im Rahmen der sog. SturzImpfung in unserer Ambulanz erfolgen und wurde von der Pat. bereits wahrgenommen. Bei Interesse und Fragen gerne Kontaktaufnahme über unsere Sturzambulanz unter Tel. 0731 187 181 oder Homepage www.sturzimpfung-ulm.de.

ad 2)
Es fiel eine apraktische Gangkomponente mit posturaler Instabilität sowie Verschlechterung der Parameter der Ganganalyse unter Doppel-Tätigkeits-Aufgaben (Dual task) auf. Dies berichtete die Pat. in Gewisser weise auch bzgl. des erhöhten Sturzrisikos im Rahmen des Kochens. Diese sind oft auf subklinische kognitive Defizite bedingt. Ein Kognitives Screening ergab hier einen lediglich grenzwertigen Hinweis auf kognitive Defizite. DD gehen wir a.e. von einem Mild cognitive impairment im Rahmen des iPS aus.
Wir empfehlen zur weiteren Abklärung eine gezielte kognitive Testung (z.B. normaler MOCA Test) und Beginn einer Behandlung mit einem Acetylcholineseraseinhibitors. Diese kann z.B. über einen niedergelassenen Neurologen/Psychiater, die Bewegungsstörungsambulanz des RKU oder die Gedächtnisambulanz des ZfP Südwürttemberg in der Bethesda Klinik (Tel 0731 187 5317) erfolgen.  
Wir empfehlen darüber hinaus geränzend zu den unter 1) genannten Therapiemaßnahmen, dass diese gezielt auch unter Doppel-Tätigkeit durchgeführt werden, in kritischen Motoriksituationen im Alltag sollte dagegen auf volle Konzentration (z.B. keine Gespräche beim Gehen, Kochutensilien alle vorbereiten, Kochen im Sitzen) geachtet werden, um weitere Sturzereignisse zu vermeiden.

ad 3)
Es fiel eine sensibel-ataktische Gangkomponente auf a.e. im Rahmen einer Polyneuropathie unklarer Genese.
Wir empfehlen zur weiteren Abklärung eine laborchemische Diagnostik insb. bzgl. potenziell modifizierbarer Ursachen: Vitamin B12, Holotranscobalamin, Methylmalonsäure, Vit. B6, Vit B1, Folsäure, Serum-Ephorese (MGUS?), Vasculitisscreening (BSG, CRP; ANA, ANCA, Hepatitis C), HbA1c.
Wir empfehlen in die unter 1) und 2) genannten Übungen gezielte Gleichgewichtsübungen zu integrieren.

ad 4) 
Es fiel in eine leichte paretische Gangkomponente mit Trendelenburgzeichen re>li auf. Diese könnten DD in der Folge der bds. durchgeführten Hüft-TEP-OPs durch eine muskuläre Insuffizienz bzw. Nervenläsionen entstanden sein.
Bei fehlender therapeutischer Konsequenz ist eine weitere diagnostische Einordnung nicht zielführende.
Wir empfehlen über die unter 1), 2) und 3) genannten Therapiemaßnahmen zusätzlich ein gezieltes Kradttrining der Hüftabduktoren /Mm. glutei medius und minimus bds. durchzuführen. 


ad 5
Auf Grund seines Alters, der Vorerkrankungen und der vorliegenden geriatrischen Syndrome besteht der V.a. eine Osteoporose Erkrankung, die anamnestisch auch bereits diagnostiziert wurde. Es wir eine osteoanabole Therapie mit Teriparatid eingenommen. Diese sollte weiterhin osteologisch begleitet werden.
Wir empfehlen zusätzlich den Beginn einer Vitamin D Substitution sowie je nach Laborwert auch die Subsitution von Calcium.

Im Rahmen eines Medikamentenreviews hinsichtlich Sturzrisiko erhöhender Medikamente (fall risk increasing drungs (FRID)) fiel die Einnahme von den Parkinsonmedikamenten sowie Venlafaxin auf. Die Dopaminerge Therapie sollte weiterhin unverändert fortgeführt werden. Ggf. ist ein Reduktionsversuch des Venlafaxins auf 37,5mg/d sinnvoll. ",,Filippo,1,,4,4,3,4,4,4,4,4,3,4,4,4,4,3,3,3,4,3,5,3,5,5,5,5,5678.0,1401.0,3527.0,0.7685695886611938,0.7899804711341858,0.8374220728874207,15,20,15,16,15,13
ID#44,Frau Schulz,"Multifaktorielle Gangstörung 
mit	1) 	unsystematischem Benommenheits-Schwindel
	2)	sensibel-ataktischer Gangstörung und 
	3) 	Kraftdefizit der Beine
		
bei	1) 	Orthostatische Hypotension
	2)	Polyneuropathisches Syndrom unklarer Genese DD malnutritiv DD idiopathisch
	3)	Dekonditionierung und Einweißmangeldiät, Malnutrition, Sarkopenie
	
4)	Mild cognitive impairment DD beginnendes demenzielles Syndrom bei fragl. Alltagsrelevanz
		DD vaskulärere Genese bei mäßiggradige subkortikaler vaskulärer Encephalopathie im cMRT 2020
5)	Osteoporose

Chronische Niereninsuffizienz St .G3b A3 bei vaskulärer Nephropathie
Sekundärer Hyperparathyreoidismus
pAVK St. IIb re mit Z.n. PTA femoropopliteal re 2022
art. Hyertonus
Hypercholesteriämie
Pancolitis ulcerosa
Kolondivertikulose
Katarakt OP bds.",,"Im Rahmen der Vorstellung in der Geriatrischen Instituts- und Sturzambulanz fielen mehrere Komponente einer Gangstörung und Sturzneigung auf:

ad 1) 
Den beschriebenen Schwindel konnten wir a.e. im Rahmen eines Benommenheitsschwindels bei Orthostatischer Hypotension einordnen. Der Schellongtest zeigte sich deutliche auffällig.

ad 2) 
Es fiel eine sensibel-ataktische Gangstörung a.e. bei Polyneuropathie unklarer Genese auf. 

ad 3)
Im Rahmen des Stuhlaufstehtests fiel bei der Pat. eine reduzierte Beinkraft auf, was auf eine proximales Kraftdefizit hindeutet. Dieses kann DD im Rahmen einer Dekonditionierung sowie bestehenden Malnutrition gewertet werden.
Im Jahr 2023 wurden bereits eine Tumorsuche mittels CT Thorax und CT/MRT Abdomen durchgeführt, eine weitere Tumordiagnostik hat keine sichere Konsequenz bei der Patientin, sollte aber ggf. erwogen werden. 

ad 4)
Im Rahmen des hausärztlichen Screening sowie auch subj. und fremdanamnestisch aufgefallener kognitiver Defizite zeigte sich im heutigen kogntiven Kusrztest MMST 21/30 Punkten und MoCA /30 der Hinweis auf leichte kognitive Defizite. Bei nicht ganz eindeutiger Alltagsrelevanz der Beschwerden und vor dem Hintergrund des eher geringen Bildungsniveaus, ist diese aktuell a.e. als ein Mild Cognitve Impariment (MCI) einzuschätzen. Wir empfehlen eine Verlaufskontrolle in 3-6 Monaten. Sollte sich doch eine Alltagsrelevanz ode rein weiterer Progress darstellen ist ggf. von einem leichte demenziellen Syndrom auszugehen.

ad 5)
Auf Grund seines Alters, der Vorerkrankungen und der vorliegenden geriatrischen Syndrome besteht der V.a. eine Osteoporose Erkrankung zusätzlich zu dem sekundären Hyperparathyreoidismus. ","Medizinische Empfehlungen:
ad 1)
Wir empfehlen diesbzgl. der OH die Anpassung der Medikation mit Reduktion des Amlodipin auf 2,5mg sowie Verlagerung der Medikation auf den Abendzeitpunkt: Candesartan 16mg 0-0-1 und Amlodipin 2,5mg 0-0-1.
Wir empfehlen darüber hinaus zunächst nicht-medikamentöse Maßnahmen zur Reduktion der OH einzuleiten: Kompressionsstrümpfe bis zur Leiste Klasse 2-3 (wenn bzgl. pAVK möglich, ansonsten, ggf. kompressiv-elastische Bauchbinde, Bahnungsmanöver und Muskelpumpe vor dem Aufstehen, Flüssigkeitsbolus vor dem Aufstehen (ca. 400ml in 5min), Oberkörperhochlagerung bei Nacht.
Sollten die nicht-medikamentösen Maßnahme nicht erfolgreich sein, kann ggf. eine Therapie mit Fludrocortison unter entsprechender Ulkus und Osteoporoseprophylaxe erwogen werden.

ad 2)
Wir empfehlen zur weiteren Abklärung der PNP eine laborchemische Diagnostik insb. bzgl. potenziell modifizierbarer Ursachen: Vitamin B12, Holotranscobalamin, Methylmalonsäure, Vit. B6, Vit B1, Folsäure, Serum-Ephorese (MGUS?), Vasculitisscreening (BSG, CRP; ANA, ANCA, Hepatitis C), HbA1c, Serum Kupfer, Treponema pallidum Hämagglutinationstest.

ad 3)
Bzgl. Malnutrition auf eiweißreiche Ernährung achten. Ggf. Ernährungberatung z.B. im Rahmen einer ambulanten geriatrischen Reha. Bisher ist der Eiweißgehalt vermutlich sehr niedrig, so dass eine übermäßiger Konsum bei ernärhugnsumstellung eher unwahrscheinlich erscheint, dennoch sollte die Eiweißreiche Ernährung auch beim nächsten nephrologischen Kontrolltermin kurz abgewogen werden.

ad 4)
Bei a.a. MCI zunächst Verlaufskontrolle in 3-6 Monaten z.B. mit MMST empfohlen. Bei Progress oder doch bestehender Alltagsrelevanz ist a.e. ein leichtes demenzielles Syndrom vorliegend. 
Wir empfehlen in diesem Fall zur weiteren Abklärung eine erneute cerebrale Bildgebung, ggf. Liquorpunktion und Beginn einer Behandlung mit einem Acetylcholineseraseinhibitors Diese kann z.B. über einen niedergelassenen Neurologen/Psychiater erfolgen.

ad 5)
Bei V.a. Osteoporose empfehlen wir zur weiteren Abklärung eine Vorstellung beim niedergelassenen Osteologen (z.B. Praxis Spiess, NU oder Praxis Radlmayer, Ulm) sowie die Durchführung einer Knochendichtemessung sowie ggf. die Einleitung einer spezifischen Osteoporosetherapie, bei Niereninsuffizienz z.B. mit Denosumab. 

Im Rahmen eines Medikamentenreviews hinsichtlich Sturzrisiko erhöhender Medikamente (fall risk increasing drungs (FRID)) fiel die Einnahme von Betavert auf, die bei der Pat. keinen positiven Effekt bzgl. der Schwindelsympome hatte und bei OH nicht indiziert ist. Wir bitten diese zu beenden.

Therapeutische Empfehlungen:

1. Die Durchführung einer ambulanten Rehabilitation mit umfangreichen Therapieangeboten der Physiotherapie, Ergotherapie und Bewegungstherapie. Die Antragsstellung läuft über Ihren Arzt bzw. Ihre Ärztin. Nähere Infos unter: https://www.bethesda-ulm.de/leistungsspektrum/therapie-zentrum/ambulante-geriatrische-rehabilitation

2. Ein sensomotorisches Gleichgewichtstraining zum Beispiel am Posturomed oder auf instabilen Unterlagen und ein kognitiv-motorisches Training zum Beispiel mit Koordinationsleiter, Senso oder unter dual-tasking.

3. Die Teilnahme an einem strukturierten Krafttrainingsprogramm (z.B. medizinische Trainingstherapie, Gerätetraining) mit Fokus auf Schnell- und Explosivkraft (3 x pro Woche).

Bei Fragen Kontaktaufnahme über 0731 187-181 (Telefon) oder sturzambulanz.bgu@agaplesion.de (Mail).",Filippo,0,,3,4,4,3,5,4,4,5,3,5,4,3,4,2,4,4,4,3,3,4,5,5,4,5,5970.0,1493.0,4988.0,0.7436628341674805,0.8031383752822876,0.797478437423706,14,19,14,18,15,14
ID#45,Herr Klump,"Multifaktorielle Gang- und Gleichgewichtsstörung mit Sturztendenz und Sturzangst 
mit	1. hyokinetisch-rigidem und apraktischem Gangbild
	2. Claudication spinalis
		
bei	1. a.e. vaskuläres Parkinsonsyndrom (vPS) und leichte vaskuläre Demenz bei rez.
	cerebralen Ischämien (s.u.) und hochgradiger vaskulärer Encephalopathie (SVE)
		neurogene Dysphagie 
	2. Lumbale Spinalkanalstenose bei osteodegenerativen Veränderungen
		aus CT 2017: LWK 2/3 teilstenosierte Neuroforamina, Verdickte Spondylarthrose,
		relative SKS; LWK 3/4: deutliche Spondylarthrose, SKS, Teilstenose der 
		Neuroforamina; LWK 4/5 Erhebliche Stenose Neuroforamina bds. keine SKS; LWK
		 5/SWK1: ebenfalls Einengung der Neuroforamina, keine SKS, Spondylarthrose.
	Chron. Schmerzsyndrom bei 2.
	Sarkopenie
	Dranginkontinenz bei Benigner Protstatahyperplasie und 1. 
	organisch-affektive Störung mit rezidivierende depressive Störung, aktuell in Teilremission bei 1.
Z.n. Suizidversuch am 11.01.2021 mit Verletzung der Halsgefäße und Pulsadern bds.
	Polyarthrose","Hypertensive und koronare Herzkrankheit mit Linksherzinsuffizienz (NYHA-Stadium I)
CVRF: Ex-Nikotinabusus (60PY), Arterielle Hypertonie
Aneurysmaruptur A. hepatica propria in Bulbus dodeni Arrosion, 15.12.2019
	Notfallthorakotomie links am 16.12.2019
	Coiling des Aneurysmas
	Z.n. pasltischer Tracheostoma, Recurrensparese links
	Z.n. hyperaktivem Delir
Apoplex 2014 und 2016
	2014: Ponsischämie (Dysarthrie, Dysphagie)
	2016: Thalamusischämie
	Multiinfarktsyndrom mit Marklagerläsion bds. (cCT 10.02.2020)
	Rechtsseitige Mediaischämie 2021
Tinnitus
Schlafapnoe
Z.n. C2-Abusus","Herr Klump stellte sich unter oben genannten Diagnosen und Anamnese in unserer Sturzambulanz vor. Klinisch und anamnestisch fallen bei dem Patienten vor allem 2 Komponenten einer Gangstörung auf:

Es fiel eine hypokinetisch-rigide Gangkomponente mit schlurfendem, gebundenem Gangbild bei rechts- und beinbetontem Parkinsonsyndrom auf. Dieses ist a.e. einzuordnen im Rahmen eines vaskulären Parkinsonsyndroms (vPS) bedingt durch die vorbeschriebenen multiplen cerebralen Ischämien sowie hochgradige subkortikale vaskuläre Encephalopathie. Darüber hinaus fiel eine apraktische Gangkomponente mit Verschlechterung im Dual Tasking auf, die a.e. mit den aufgefallenen kognitiven Defiziten im Sinne einer leichten vaskulären Demenz ebenfalls vor dem Hintergrund der cerebralen Ischämien und SVE zu deuten ist.
Es fiel eine Claudicatio spinalis Symptomatik auf passend zu einer lumbalen Spinalkanalstenose auf. Aus einem Vor-CT Befund aus 2017 können hier multiple osteodegenerative Veränderungen mit bereits relativer spinaler Enge nachvollzogen werden, hier ist a.e. von einem Progress der degenerativen Veränderungen bei zunehmenden Beschwerden insb. in den letzten 2 Jahren auszugehen. 

In Zusammenschau der Befunde werten wir die Beschwerden der Patientin im Rahmen einer multifaktoriellen Gangstörung insb. bedingt durch 1. und 2. sowie zusätzliche o.g. Komponenten.

Im Rahmen eines ausführlichen Medikamenten Reviews fielen auf:
ad 1. Bzgl. de vPS empfehlen wir einen Behandlungsversuch mit Levodopa/Benserazid in initial u.g. niedriger Dosierung sowie langsamer Aufdosierung. Da eine Levodopa-Medikation bei vPS ggf. auch weniger wirksam sein kann als beim idiopathischen PS sollte das Ansprechen des Pat. sowie desssen Verträglichkeit im Verlauf reevaluiert werden, ggf. die Dosis über den u.g. Bereich hinaus weiter erhöht, ggf. aber die Medikation auch erneut ausgeschlichen und abgesetzt werden.
ad 2. Der Pat. nimmt aktuell keine konventionelle Schmerztherapie ein, die vormalige Einnahme von Metamizol konnte die somatische Schmerzkomponente gut reduzieren. Wir empfehlen daher den Wiederbeginn, ggf. auch die Ergänzung z.B. durch Tilidin, sollte Metamizol in u.g. Dosierung nicht ausreichend sein. Die Neuropathische Schmerzkomponente wird mit Pregabalin behandelt, ggf. kann diese im Verlauf auf z.B. 2x 75mg probatorisch erhöht werden. 
die Einnahme von Mirtazapin und insbesondere Lorazepam kann potenziell sturzfördernd sein. Diese Bedarfsmedikation wird aktuell ca. 1x tgl. 1mg eingenommen. Grundsätzlich wäre eine Reduktion und Absetzen wünschenswert, da es bei dem Pat. rezent zu einer schwere depressiven Episode mit auch Suizidalität gekommen ist, empfehlen wir grundsätzlich eine dauerhafte fachpsychiatrische Anbindung. Im Rahmen dieser sollte, wenn möglich auch eine Reduktion und Auslassen evaluiert werden. 

Es besteht der geringgradige Verdacht auf eine Osteoporose-Erkrankung (siehe auch Frax Risiko Rechner unten). Eine Vitamin D Substitution erfolgt bereits, die wir empfehlen fortzuführen. Wir empfehlen ggf. zur weiteren Abklärung durch eine Knochendichtemessung beim niedergelassenen Osteologen sowie laborchemischer Differentialdiagnose (z.B. gemäß Basislabor Leitlinie Dachverband Osteologie: PTH, TSH, Calcium, Phosphat i. S., Vit. D, BSG, CRP, BB, Eiweiß-Elektrophorese, AP, GGT) und beim entsprechenden Nachweis den Beginn einer spezifischen Osteoporose Therapie.

Nebenbefundlich fiel klinisch bei dem Pat. eine vorbekannte neurogene Dysphagie mit Husten nach Wasserschluck während des Ambulanzbesuchs auf. Die Dysphagie besteht seit einem vorausgehenden Schlaganfall. Wir empfehlen diesbzgl. eine erneute logopädische Anbindung und ggf. auch eine Kostanpassung, dieser stand der Pat. jedoch ablehnend gegenüber.","ad 1. Zur Behandlung der hypokinetisch-rigiden und apraktischen Gangkomponente empfehlen wir: das Erlernen bzw. Beüben von Kompensationsschritten, bzw. ein regelmäßiges Training an einen Perturbationslaufband (Sturzimpfung), ein koordiniertes Training / sensomotorisches Gleichgewichtstraining (bspw. Postoromed /Dividat) und/oder ein gruppenbasiertes strukturiertes Sturzpräventionsprogramm, bspw. nach dem Ulmer Modell, eine krankengymnastische Behandlung nach Lee Silvermann Voice Treatment LSVT-BIG und visuelle- (bspw. Stepping Pattern) und/oder akustisch gestütztes Koordinationstraining (z.B. Musik). Um konzentriert an der Verbesserung des Gangbildes des Pat. zu arbeiten empfiehlt sich idealerweise eine höher frequentierte (2-3 x pro Woche) Physiotherapie mit den o.g. Inhalten ggf. auch eine erneute ambulante geriatrische Rehabilitation im weiteren Jahresverlauf (letze AR 10/22 in domo). Das Pertubationstraining konnte in Studien das Sturzrisiko um bis zu 50% senken. Bei Interesse an ambulanter Physiotherapie am Bethesda Klinikum erreichen Sie die Terminvereinbarung unter Tel. 0731 187 288. Bei Interesse an der Sturzimpfung erreichen Sie die Ansprechpartnerin Fr. Haug unter der Telefonnummer 0731 187 469.

ad 2. Lumbale Spinalkanalstenose: Wir diskutierten mit dem Pat. und der Familie die Option einer weiterführenden Abklärung und ggf. operativen Behandlung. Diese ist bei gebrechlichem Pat. bzgl. des hohen OP und Narkose-Risikos kritisch zu sehen, so dass wir aktuell diesbzgl. keine Empfehlung aussprechen würden. Auch Herr Klump sowie dessen Familie möchte aktuell keine weitere Abklärung oder operativen Therapie. Eine konservativer Therapieversuch mit o.g. Schmerztherapie sowie gezielter Physiotherapie wäre aber gewünscht.

Prophylaxe und Abklärung des Osteoporoseverdachts. Diese kann in Ulm z.B. über die osteologische Praxis Dr. Radlmayer et al. (Ulm) oder Dr. Spiess et al (NU) durchgeführt werden. In jedem Fall empfehlen wir eine Vitamin D und Calciumsubstitution (nach Laborchemischer Diagnostik).",Filippo,0,x,3,4,4,3,5,4,4,5,4,3,4,4,4,2,3,4,5,4,5,5,5,5,5,5,7442.0,1537.0,4381.0,0.6907100081443787,0.7851220369338989,0.7460803389549255,19,20,14,18,15,13
ID#46,Herr Kleiner,"Multifaktorielle Gehstörung
Orthostatische Dysregulation bei M. Parkinson
Posturale Instabilität bei M. Parkinson
Sarkopenie und Failty
Zentrale Afferenzstörung
V. a. leichtgradige exekutive Dysfunktion","Idiopathisches Parkinson-Syndrom (ED 2021)
vegetative Dysregulation mit orthostatischer Hypotonie
Im LZ-RR hypotensiv bis 75/52 mmHg (12/2024)
Primäre Hämochromatose (ED 08/2005)
Intermittierendes Vorhofflimmern
aktuell keine Antikoagulation bei urethralem und rektalen Blutabgang
Prostatakarzinom (ED 12/2018)
kurative Radiatio (2019) und antiandrogene Therapie
Chronische Niereninsuffizienz Stadium IIIb
Aortenklappenstenose Grad I
Tubuläre Adenome des Colons
Hamartöses Adenochondorm posterior LUL links (ED 10/2013)
Hashimoto-Thyreoditis
Glaukom beidseits
Arterielle Hypertonie","Herr Kleiner wurde uns zum SturzCheck vorgestellt, nachdem der Patient im Mai 2025 einen Sturz mit Rippenfraktur erlitt. Anamnestisch komme es 1–2-mal pro Woche zu Stürzen, häufig assoziiert mit Aufstehen aus der sitzenden oder liegenden Position. Der Patient beschreibt dabei präsynkopale Beschwerden bis hin zu Schwarzwerden vor den Augen. Der Schellong-Test zeigte entsprechend einen systolischen Blutdruckabfall um 55 mmHg. Führend sind die Stürze auf eine orthostatische Dysregulation zurückzuführen, die durch den 2021 erstdiagnostizierten M. Parkinson bedingt ist. Therapeutisch empfehlen wir das Tragen von Kompressionsstrümpfen (Klasse 2) bis zur Leiste, Absetzen Sartan und eine ausreichende Flüssigkeitszufuhr. Sollte dies die Beschwerden nur unzureichend bessern, sollte gegebenenfalls Astonin H begonnen werden. Die klinische Untersuchung zeigte einen medikamentös gut eingestellten rechtsbetonten Parkinsonismus mit darüber hinaus mittelgradiger posturaler Instabilität, die o.g. Sturzereignisse weiter begünstigt. Zudem zeigte sich eine mittelgradige Sarkopenie und eine leichtgradige zentrale Afferenzstörung. Therapeutisch empfehlen wir eine umfangreiche physiotherapeutische Behandlung, die Krafttraining, gesichertes Laufbandtraining und gegebenenfalls Pertubationstraining umfasst, sowie eine ausreichende dietätische Proteinzufuhr (mindestens 1,2 g/kg Körpergewicht/Tag). In Anbetracht der Schwere der Erkrankung sowie der umfangreichen Interventionen empfehlen wir eine stationäre geriatrische Rehabilitation.
Allgemein-geriatrisch zeigte sich im MoCA 5-min eine leichtgradige kognitive Störung, die wir bitten in 12 Monaten zu kontrollieren, z. B. in unserer Ambulanz. Ein Medikamentenreview ergab eine fehlende Antikoagulation bei Vorhofflimmern, wegen Blutungskomplikationen unter Xarelto sowie häufiger Stürze. Wir empfehlen eine Behandlung mit Eliquis 2,5 mg zu erwägen. Zudem kann zur Vermeidung einer Polypharmazie empehlen wir Atorvastatin zu beenden. Die Indikation von Dronedaron sollte kritisch geprüft werden.","Therapeutisch:
Kompressionsstrümpfe Klasse 2 und ausreichende Flüssigkeitszufuhr. Falls unzureichende Wirkung, ggf. Therapie mit Fludrocortison (Astonin H) erwägen
Physiotherapie: Krafttraining, gesichertes Laufbandtraining, ggf. Pertubationstraining
Protein-reiche Ernährung oder dietätische Substitution, mindestens 1,2 g Protein pro kg Körpergewicht
Stationäre geriatrische Rehabiliation
Wiederbeginn einer Antikoagulation erwägen, z.B. Eliquis 2,5 mg 1-0-1
Atorvastatin und Sartan beenden 
Kardiologische Vorstellung zur Indikationsprüfung Dronedaron, ist nur eine Frequenzkontrolle nötig, sollte ggf. über die vorsichtige Erhöhung des BB und Beendigung der Dronedaron Medikation erwogen werden. 

Diagnostisch:
Bestimmung des Vitamin 12 Stoffwechsel, ggf. Substitution
Verlaufskontrolle der kognitiven Testung in 12 Monaten, z.B. in unserer Ambulanz",Filippo,0,,4,5,5,4,4,4,4,4,3,3,3,4,4,2,2,4,3,2,3,2,3,4,3,2,3735.0,1632.0,4045.0,0.7190596461296082,0.7566730976104736,0.7623556852340698,10,12,18,16,13,12
ID#47,Herr Jauch,"Multifaktorielle Gehstörung
Sensible Ataxie
V.a. Polyneuropathie
Sarkopenie","Frühsommer-Meningoencephalitis (FSME, 2003)
Behandlung auf Intensivstation
Bulbärparalyse, linksbetonte Tetraparese und epilepsietypische Potenziale
Residuen: minimale Gedächtnisstörung, Gefühlsstörung in den Beine
Prostata-CA (2016)
anamnestisch Radiatio und Hormontherapie; keine Chemotherapie
letzte Kontrolle (06/2024) unauffällig
Hüft-TEP
Hypertonie","Herr Jauch stellte sich in Begleitung seiner Ehefrau in unserer Sturzambulanz vor. Insgesamt wurden 3 Sturzereignisse berichtet, von denen 2 durch Stolpern bzw. Verlust des Gleichgewichtes einzuordnen sind. Der dritte Sturz ging mit einem Schädeltrauma einher, DD Commotio cerebri, sodass die anamnestische Einordnung schwer fällt. In der klinischen Untersuchung zeigte sich ein breitbasiges Gangbild und eine posturale Instabilität bei sensibler Ataxie, auf ein polyneuropathisches Syndrom zurückzuführen. Zudem zeigte sich eine leichtgradige Sarkopenie. Die Gehversuche mit IMU-Sensoren zeigten einen grenzwertigen Befund. Der Schellong-Test war unauffällig. In Zusammenschau führen wir Stolperstürze auf die sensible Ataxie und leichtgradige Sarkopenie zurück. Zur Einordnung des unklaren Sturzes empfehlen wir eine Elektroencephalographie (EEG), da als Spätfolge nach FSME (2003) ein epileptischer Anfall nicht auszuschließen ist. Zusätzlich empfehlen wir eine Elektroneurographie zur Diagnostik der Polyneuropathie (PNP), die anamenstisch infolge der FSME auftrat, DD critical-illness PNP. Therapeutisch empfehlen wir ein Pertubationstraining am Laufband (""Sturzimpfung"") und zur Behandlung der Sarkopenie Kraft-Training, das der Patient an Geräten wahrnehmen kann. Die Gleichgewichtsstörung empfehlen wir am Wackelbrett zu behandeln, nach physiotherapeutischen Regime.","Pertubationstraining am Laufband in unserer Klinik. Die Termine werden hierzu separat vereinbart
Krafttraining an Geräten. Der Patient wird dies entweder in seinem Sportverein wahrnehmen, oder in unserer Klinik
Gleichgewichtstraining, z.B. mit Wackelbrett nach physiotherapeutischen Regime
Ambulant-neurologische Untersuchung zur Elektroenzephalographie und Elektroneurographie
unklare Indikation ASS 100 - für Primärprävention keine Evidenz: Prüfung empfohlen",Filippo,1,,4,4,4,4,5,4,5,5,4,3,4,3,3,3,2,3,5,4,3,4,5,5,5,5,2318.0,1400.0,1854.0,0.7819353938102722,0.7851091027259827,0.8348423838615417,16,20,16,19,14,11
ID#48,Frau Jauch,"1) Kognitive Defizite a.e. bei vaskulärer Demenz, CCT 12/23-Zeichen einer SAE, verkalktes Falxmeningeom rechts parietal
2) multifaktorielle Gangstörung mit rez. Stolperstürzen, fremdanamn. mind. 4 Stürze/Jahr
Schwindel bei Lagewechsel anamn. 11/23
Z.n. Knie TEP links 08/2022, Schmerzen re Knie-V.a. Arthrose","3) chronisch lymphatische Leukämie, aktuell medikamentöse Therapie
4) KHK, 2 GE, Z.n. PCI RIVA 2015
Hypertensive Herzerkrankung mit normaler systolischer Funktion, paroxsymales VHF
Leichtgradige AI, leichtgradige MI, posteriore Mitralklappeninsuffizienz
Z.n. DDD SM Implantation 2005
Carotisplaques, keine Strömungsgeräusche
5) Hyperlipoproteinämie,
6) Diabetes mellitus
7) Schlafapnoesyndrom","Patientin freundlich zugewandt und kooperativ. Sie stellt sich heute in der geriatrischen Institutsambulanz vor. Im Gespräch und bei der Befragung zeigen sich kognitive Defizite. Zeitlich Jahreszahl nicht gewusst, situativ unscharf orientiert, örtlich Krankenhaus gewusst. Zur Person ist die Patientin orientiert. Sie ist zu Hause mit einer 24 h Betreuung. Einkaufen machen die Söhne. Der PD kommt 2 x tgl. zur Medikamentengabe.

In der kognitiven Testung zeigt sich eine schwere kognitive Funktionseinschränkung (MMSE 11/29 P.). Im Verlauf der Untersuchung zeigt sich Frau Jauch dann etwas orientierter. Konnte den Monat nennen und den Ort. Die Patientin berichtet selber, dass sie in letzter Zeit ihre Vergesslichkeit wahrnimmt. Im durchgeführten CCT zeigt sich eine SAE passend a.e. zu einer vaskulären Demenz. 
Bzgl.  zunehmenden kognitiven Defizite empfehlen wir eine Alltagsstrukturierung, eine gute Einstellung der Risikofaktoren sowie die Bestimmung von Vitamin B12, Folsäure sowie des TSH Wertes. Bei Mangel sollte Vit. B12 und Folsäure substituiert werden. 
Nicht medikamentöse Therapieoptionen wären daher z.B. ein Hirnleistungstraining. Dies könnte im Rahmen einer ambulanten geriatrischen Rehabilitation erfolgen. 

Bei am ehesten vaskulärer Demenz gibt es in Bezug auf eine antidementive Therapie keine gute Evidenz in Bezug auf einen Nutzen. Ggf. muss hier im Verlauf eine weiterführende Diagnostik durchgeführt werden.

Im motorischen Assessment zeigt sich eine moderate Alltagsbeeinträchtigung. Die Gehgeschwindigkeit ist insgesamt aber sehr verlangsamt. Es besteht insgesamt ein hohes Sturzrisiko.

Vielen Dank für die Überweisung der Patientin in unsere geriatrische Institutsambulanz.
Bei Rückfragen stehen wir gerne zur Verfügung.","zu 1) Labor: TSH, Vitamin B12 und Folsäure bestimmen, Re-Testung im Verlauf
zu 2) Antrag für eine ambulante geriatrische Rehabilitation stellen, wenn gewünscht
zu 3) medikamentöse Therapie, hierunter ist die CLL kontrolliert-Dr. Edenhofer
zu 4) SM Kontrolle in 03/24-04/24 geplant
zu 5) Atorvastatin
zu 6) Trulicity pausiert, Metformin, BZ Kontrollen, HbA1C
zu 7) Maskentherapie",Filippo,0,,4,5,4,4,5,4,4,4,4,3,2,4,4,4,4,4,3,4,3,3,5,3,2,4,2884.0,1525.0,2908.0,0.6996350288391113,0.7029256820678711,0.8205713033676147,13,14,17,17,13,16
ID#49,Herr Müller,"1) Demenzielles Syndrom
	V.a. gemischter Genese
	mittelgradiger Ausprägung

2) Multifaktorielle Gangstörung
	2A)	V.a. Hinterstrangsyndrom DD zentrale Afferenzstörung
	2B)	Gonarthrose bds. re>li
	2C)	Sehstörung bei Katarakt bds. RA Z.n. OP, LA OP geplant
	2D)	Kraftdefizit der proximalen Beine bei Dekonditionierung
	
3) V.a. Osteoporose

Z.n. Status epilepticus bei Covid Infektion 11/2023
Z.n. postischämische Läsion Capsula extrema re vorbeschrieben
art. Hypertonus",,"Im Rahmen der Vorstellung in der Geriatrischen Instituts- und Sturzambulanz fielen insb. 2 Problemdimensionen auf:

ad 1) 
Anhand der Anamnese und Fremdanamnese sowie der durchgeführten kognitiven Testung ergibt sich die Diagnose einer Demenziellen Syndroms bisher unklarer Genese. DD kommt hier anhand des Verlaufs und des klinischen Eindrucks a.e. der V.a. eine gemischte Demenz mit Alzheimer und vaskulärer Pathologie. Diesbzgl. empfehlen wir eine weiterführende Abklärung.
Die konflikthaften Verhaltensauffälligkeiten und Antriebsstörungen können unseres Erachtens ebenfalls in diesem Rahmen erklärt werden. 
Der Pat. zeigte diesbzgl. aber insgesamt eher wenig Störungseinsicht.

ad 2)
Es fiel eine a.e. multifaktorielle Gangstörung mit mehreren Komponenten auf:

ad 2A)
Es fiel eine sensibel-ataktische Gangstörung a.e. Hinterstrangsyndrom  DD zentraler Afferenzstörung unklarer Genese auf. 

ad 2B)
Es fiel ein antalgisches Gangstörung bei Gonarthrose re>li auf, die anamnestisch teilw. zu Wegknicken und Instabilitätsgefühl beiträgt. Diese wird als ausgeprägt beschrieben mit teilw. unter Belastung 10 von 10 auf der Numerischen Analogskala. Eine Operation kommt nicht in Betracht.

ad 2C)
Als zusätzlicher Aspekt einer sensorisch-ataktischen Gangstörung kann die Sehminderung bei noch ausstehender Katarakt OP sowie die Brillenversorgung mit Gleitsichtbrille gesehen werden. Hierdurch kann die Wahrnehmung von Stolperfallen, die wiederholt vom Pat. beschrieben wurden (Bordsteinkante) erklärbar sein.

ad 2D) 
Es fiel eine deutliche Kraftminderung in der proximalen OS Muskulatur im Stuhlaufstehtest auf. Diese ist a.e. durch Dekonditionierung erklärbar.

ad 3)
Auf Grund seines Alters, der Vorerkrankungen und der vorliegenden geriatrischen Syndrome besteht der V.a. eine Osteoporose Erkrankung. 
Wir empfehlen zur weiteren Abklärung eine Vorstellung beim niedergelassenen Osteologen (z.B. Praxis Spiess, NU oder Praxis Radlmayer, Ulm) sowie die Durchführung einer Knochendichtemessung sowie ggf. die Einleitung einer spezifischen Osteoporosetherapie. Wir empfehlen den Beginn einer Vitamin D Substitution sowie je nach Laborwert auch die Subsitution von Calcium.

Im Rahmen eines Medikamentenreviews hinsichtlich Sturzrisiko erhöhender Medikamente (fall risk increasing drungs (FRID)) fiel die Einnahme von Lamortigin als Antikonvulsivum auf. Dieses ist bei Z.n. Status epilepticus bei symptomatischer Epilepsie aber klar indiziert und sollte fortgeführt werden. Eine Assoziation des Antikonvulsivums mit den kognitiven Störungen halten wir für unwahrscheinlich.","Medizinsche Empfehlungen:
ad1)
Wir empfehlen zur weiteren Abklärung des Demenzsyndroms eine erneute cerebrale Bildgebung, Laborchemische Diagnostik (gemäß S3 LL Demenez: Blutbild, Elektrolyte (Na, K, Ca), GOT, Gamma-GT, Kreatinin, Harnstoff, CRP, TSH, Vitamin B12, eGFR, sowie zusätzlich Vit B1, B6 und Folsäure) ggf. Liquorpunktion und ggf. Beginn einer Behandlung mit einem Acetylcholineseraseinhibitors. Diese kann z.B. über einen niedergelassenen Neurologen/Psychiater oder die Gedächtnisambulanz des ZfP Südwürttemberg in der Bethesda Klinik (Tel 0731 187 5317) erfolgen.
Darüber hinaus empfehlen wir Maßnahmen zur Tagesstrukturierung unter Berücksichtigung der Bedürfnisse beider Ehegatten Müller, die Tochter des Pat. wurde hierzu ausführlich beraten.
Der Einsatz von Hörgeräten kann sich stabilisierend auf die Kognition auswirken. Dies wurde dem Pat. dargelegt

ad 2A)
Wir empfehlen zur weiteren Abklärung des Hinterstrangsyndroms7zentralen Afferenzstörung eine laborchemische Diagnostik insb. bzgl. potenziell modifizierbarer Ursachen: Vitamin B12, Holotranscobalamin, Methylmalonsäure, Vit. B6, Vit B1, Folsäure, Serum Kupfer, Treponema pallidum Hämagglutinationstest.

Ad 2B)
Regelmäßige Schmerztherapie als Basisabdeckung, z.B. mit Metamizol 4x 500mg po und b. Bed.

Ad 2C)
Durchführung der ausstehenden Katarakt OP, wenn möglich ambulant, Verzicht auf das Tragen einer Gleitsichtbrille und den Einsatz von zwei unterschiedlichen Brillen für Fern- und Nahsicht.

Ad 2D)
Kraftübungen sowie auf eiweißreiche Ernährung achten. Ggf. Ernährungberatung z.B. im Rahmen einer ambulanten geriatrischen Reha.
 
Therapeutische Empfehlungen:
1. Die Durchführung einer ambulanten Rehabilitation mit umfangreichen Therapieangeboten der Physiotherapie, Ergotherapie und Bewegungstherapie. Die Antragsstellung läuft über Ihren Arzt bzw. Ihre Ärztin. Hinweise unter https://www.bethesda-ulm.de/leistungsspektrum/therapie-zentrum/ambulante-geriatrische-rehabilitation

2.Die Teilnahme an einem strukturierten Krafttrainingsprogramm (z.B. Gerätetraining bei Bethesda bewegt) mit Fokus auf Schnell- und Explosivkraft (3 x pro Woche).

Ggf. auch Integration von Dual-Task Training in die Übungen.
Die Flyer haben sie bei ihrem Besuch bei uns bereits erhalten
Bei Fragen Kontaktaufnahme über 0731 187-181 (Telefon) oder sturzambulanz.bgu@agaplesion.de (Mail).",Filippo,1,,4,5,5,4,5,4,5,5,4,3,3,3,4,3,4,4,4,5,5,4,4,4,5,4,5447.0,1327.0,3686.0,0.7357714176177979,0.758129358291626,0.8074032068252563,18,17,18,19,13,15
ID#50,Herr Schmidt,"1) PCA Ischämie links, Hemianopsie rechts 2022-ASS-Einnahme
MRT: 06/25: keine frische Ischämie

2) Stolpersturz vor 2 Jahren mit BWK 12 Fraktur, konservatives Proc.-DKL","3) 2 Ge-KHK, ventrikuläre Tachykardie mit selbstlimitierender Salve- Beta Blocker Therapie
Hypertensive Herzerkrankung
Art. Hypertonus

4) BPH

5) Gonarthrose bds. links > rechts

6) Z.n. laparoskopischer Bruchpfortenverschluss bei Leistenhernie rechts (passager eingeklemmt) 03/2025 -Klinik Weißenhorn

7) Z.n. Varizen-OP","Herr Schmidt kommt in Begleitung seines Enkels in die geriatrische Institutsambulanz. Der Patient berichtet, dass er 5 Jahre seine demente Ehefrau betreut hat. Diese war zuletzt in der Demenz WG wo er sie täglich besuchte bis zu ihrem Tod 2022. Am nächsten Tag hatte Herr Schmidt einen Apoplex erlitten seither Hemianopsie rechts, ansonsten keine Residuen. Er bemerkt in letzter Zeit selber, dass er teilweise in Stresssituationen die Worte nicht findet sowie das Kurzzeitgedächtnis nachgelassen hat. Zu Hause ist er selber sehr aktiv am Computer mit online banking, hat vor kurzem seine Steuererklärung selber gemacht. Zudem pflegt Herr Schmidt viele soziale Kontakte-Seniorengruppe mit Theaterbesuchen. Seit sein Enkel bei ihm wohnt ist die Stimmung etwas gebessert. Er kommt heute in die Ambulanz zur Gedächtnistestung. Im durchgeführten Moca Test zeigten sich lediglich Auffälligkeiten im visuomotorischen Bereich, ansonsten keine Auffälligkeiten. Konzentration, Merkfähigkeit und Aufmerksamkeit zeigen sich altersgerecht. Keine Auffälligkeiten in der Sprache und Wortflüssigkeit.

Im motorischen Assessment zeigen sich deutliche Kraftdefizite in den Beinen (siehe Ergebnis Aufstehtest). Wir empfehlen hier ein strukturiertes Krafttrainingsprogramm. Herr Schmidt berichtet bei der Vorstellung, dass er 2-3 x in der Woche zum Rehasport geht und dort auch Laufbandtraining macht. Wichtig wäre ein gezielter Kraftaufbau, vor allem der Beinmuskulatur.
In den letzten 12 Monaten keine Stürze. Pat. ist auf Stationsebene mobil ohne Hilfsmittel. Sturz vor 2 Jahren in der Küche über die offene Türe der Spülmaschine. Dabei hat der Patient eine BWK 12 Fraktur erlitten, welche konservativ therapiert wurde. Damals stationär in der Donauklinik. Anschließend war der Patient in der Reha in Illertissen.
Herr Schmidt ist ohne Hilfsmittel auf der Ebene mobil. Zu Hause Treppenlifter. Auf Unebenheiten ist er unsicher beim Gehen, benutzt dann den Stock.

Vielen Dank für die Überweisung des Patienten in unsere geriatrische Institutsambulanz. Bei Rückfragen stehen wir gerne zur Verfügung.","zu 1) Kognitives Training wie bisher, soziale Kontakte, Freizeitaktivitäten
         MRT 06/25 gelaufen, Pat. ist in neurol. Behandlung/Kontrolle
zu 2) Strukturiertes Krafttrainingsprogramm, Training der funktionellen Beinkraft. 
zu 3) antihypertensive Therapie. Pat. ist in kardiol. Behandlung
zu 4) in urologischer Behandlung, aktuell Spasmex bei BPH und leichter HIK
zu 5) vierteljährliche Spritzen mit Hyaluron beim Orthopäden",Filippo,0,,5,5,5,4,5,3,4,4,4,4,4,4,3,1,3,3,3,2,3,1,5,5,2,1,3055.0,1618.0,1885.0,0.6790963411331177,0.6768839955329895,0.8019046187400818,9,13,19,16,16,10
ID#51,Herr Maier,"Dementielles Syndrom
	a.e. gemischter Genese
	hochgradige subkortikale vaskuläre Encephalopathie
	mittelgradige kognitive Defizite","AA bei VHF
	OAK mit Lixiana
Arterielle Hypertonie
mittelgradige Arteria carotis interna Stenose links
Hyperlipoproteinämie
Polymyalgia rheumatica
COPD","Herr Maier stellte sich wegen chronisch progredienter kognitiver Defizite mit Merkfähigkeitsstörungen, Konzentrationsstörungen und  beginnenden Sprachproblemen  sowie einem allgemeinen körperlichen Abbau in unserer Ambulanz vor. Vor dem Hintergrund der Anamnese und Fremdanamnese durch den anwesenden Sohn ergab sich der V. a. ein demenzielles Syndrom mit auch beginnenden ADL Defiziten des Patienten. Dieser versorgt bisher noch seine  pflegebedürftige Ehefrau, ist dadurch aber zunehmend mehr gefordert, zuletzt z. B. Übernahme  des Medikamenten rechtens durch einen ambulanten Pflegedienst  Und zunehmende Probleme die Tagesstruktur zu erhalten. Klinisch-neurologisch zeigte sich kein H.a. eine Fokalneurologie.
In einer bereits 2022 durchgeführten externen CMRT Bildgebung zeigte sich eine globale Hirnatrophie sowie eine hochgradige subkortikale vaskuläre Enzephalopathie. Damals zeigte sich in einem MoCA- kognitiven Kurztest 19/30 Punkte. Aktuell wiederholten wir diesen, es konnten 6/30 Punkte erreicht werden. Ein ergänzend durchgeführter MMST zeigt 20/30 Punkte.
Im motorischen Assessment zeigte der Patient mit einem SPPB Score von 9/12 einen guten Punktwert.
Aufgrund des neuropsychologischen Risikoprofils gehen wir aktuell am ehesten von einer Demenz vom Mischtyp (vaskulär/Alzheimer Pathologie) aus. Zur weiteren Abklärung der Alzheimerpathologie kann gegebenenfalls eine Lumbalpunktion in Erwägung gezogen werden.
Der Patient nimmt bereits Memantin 20 mg als Antidementivum. Hierunter zeigte sich lt. Aussage des begleitenden Sohne a.e. eine Stabilisierung der Kognition, so dass diese fortgeführt werden sollte. Wir empfehlen zusätzlich die probatorische Eindosierung eines Acetylcholinesteraseinhibitors. Eine Verlaufskontrolle des kognitiven Kurztest sollte dann nach ca. 6 Monaten erfolgen.
Sozialmedizinisch erscheint der Patient durch die Pflegebedürftigkeit seiner Ehefrau zunehmend belastet und auch beginnend durch seine eigene Erkrankung überfordert. Diesbezüglich berieten wir den Patienten und seinen Sohn bezüglich einer Ausweitung der pflegerischen Unterstützungsmaßnahmen insbesondere auch wenn die Ehefrau des Patienten (Pflegedienst, gegebenfalls Tagesstätte, 24 Stunden Betreuungskraft). Dem Pat. und seinem Sohn wurden Infomaterialien bzgl. Beratungsstätten in Neu-Ulm für Menschen mit Demenz und deren Angehörigen mitgegeben.","Laborchemische Bestimmung von: Vit B12, Folsäure, Vit. B1, Vit. B6, TSH, HbA1c, Nieren und Leberwerte, BB zum Ausschluss symptomatischer Ursachen wenn nicht schon erfolgt.
- Acetylcholinesteraseinhibitor-Behandlung, z. B. Rivastigmin Pflaster beginnend 4,6 mg pro 24 Stunden sowie Dosissteigerung auf 9,5 mg nach ca. 4 Wochen nach Verträglichkeit und EKG-Kontrolle.
- Beratung bzgl. Entlastungsmöglichkeiten für den Ehemann bei der Versorgung der Ehefrau
- Beratung für Menschen mit Demenz Landratsamt NU",Filippo,0,,4,4,4,3,4,5,4,5,3,4,4,4,4,4,4,2,3,4,5,3,4,4,5,4,3200.0,1421.0,1434.0,0.6637025475502014,0.6928735375404358,0.8226346969604492,15,17,15,18,15,14
ID#52,Frau Maier,"1) V.a. beginnende dementielle Entwicklung bei reaktiver Depression 

2) chronische Schmerzen bei älteren Frakturen BWK 8, 12 sowie LWK 2 und LWK 4 älterer Genese, Stürze werden verneint","3) VHF, Xareltotherapie, 
Z.n. TAVI,6/23 
SM Implantation.

4) fraglich. Durchblutungsstörung Füße
5) unklare Hautveränderung Unterlippe rechts","Frau Maier stellt sich heute in der geriatrischen Institutsambulanz vor. Sie kommt mit dem Rollator.

In der körperlichen Untersuchung gibt Frau Maier Schmerzen vorwiegend im LWS Bereich an. Als Bedarfsmedikation nimmt sie 20 gtt. Novalgin. Sie läuft am Rollator leicht nach vorne gebeugt. Tägliche Spaziergänge, Gymnastik in Eigenregie und Fahrrad fahren halten sie fit. Bei Osteoporose Einnahme von Alendronsäure sonntags. Medikamente werden täglich von der Sozialstation gerichtet. 
Zudem fielen im Bereich der Vorfüße und Zehen eine bläulich livide Hautverfärbung auf. Pulse sind jedoch tastbar. Laut Patientin besteht diese Symptomatik bereits seit Herbst 2023. Ggf. Vorstellung der Patientin beim niedergelassenen Angiologen.

Im Gespräch berichtet die Patientin über den Suizid ihres Sohnes vor 2 Jahren, was sie immer noch sehr belastet.
Insgesamt ist Frau Maier aber sehr unternehmungslustig und mit dem Rollator gut mobil. Die Stimmung ist aktuell ausgeglichen. Aktuell kein Hinweis auf Depression in der Testung.

Im aktuellen Demtect, den die Patientin mitbringt erreichte sie 13 P. CCT ohne Fehler. Barthel 90 P. Auffällig waren die Defizite im Kurzzeitgedächtnis während der Vorstellung in der geriatrischen Institutsambulanz. Die Patientin erkundigte sich mehrmals bezüglich der ambulanten geriatrischen Reha, nach einer gewissen Zeit hat sie das bereits Gesagte wieder vergessen. Die Patientin selbst nimmt dies nach eigenen Angaben seit einem Jahr wahr. In der kognitiven Testung heute zeigte sich in der durchgeführten Testung im MMSE 27 Punkte somit keine oder leichte kognitive Beeinträchtigung. Im Mai 2023 zeigte sich bereits das gleiche Ergebnis. Im erweiterten kognitiven Assessment zeigte sich eine kognitive Leistungsminderung.
01/23 erfolgte eine Computertomografie des Schädels mit insgesamt altersentsprechender generalisierter Hirnatrophie.
Donepezil, Vit. B12 sowie Folsäure hat die Patientin bereits in der Dauermedikation. Bei Progress der Vergesslichkeit sollte die Patientin nochmal beim niedergelassenen Neurologen vorgestellt werden.

Im motorischen Assessment zeigte sich eine verminderte Beinkraft sowie leichte Defizite im Gleichgewicht.

Wir haben mit der Patientin gesprochen, dass eine ambulante geriatrische Rehabilitation sehr sinnvoll wäre. Hier könnte sie psychologische Gespräche bei Belastungsstörung durch den Tod des Sohnes, sowie kognitives Training und Kraftaufbau im Rahmen einer medizinischen Trainingstherapie erhalten. Wir empfehlen daher eine ambulante geriatrische Rehabilitation.

Vielen Dank für die Überweisung der Patientin in unsere geriatrische Institutsambulanz. 

Bei Rückfragen können sie sich gerne melden.","zu 1) Antrag stellen auf ambulante geriatrische Rehabilitation, Alltagsstrukturierung
zu 2 ) ggf. Anpassung Schmerztherapie
zu 3) SM Ausweis und Kontrolle, Pat. hatte SM Ausweis nicht dabei
zu 4) ggf. Vorstellung Angiologie bzgl. Füße
zu 5) Dermatologische Vorstellung bzgl. Hautveränderung Unterlippe rechts.",Filippo,0,,5,5,5,5,5,4,5,5,5,4,4,4,3,4,3,3,5,5,5,5,5,5,5,5,3368.0,1349.0,1697.0,0.7213647365570068,0.7429236173629761,0.7826356291770935,20,20,20,19,17,13
ID#53,Frau Hain,"Multifaktorielle Gangstörung mit rez. Stürzen mit/bei
	V.a. sensibel-ataktischer Gangkomponente bei Z.n. Kleinhirn-Ischämie rechts
	V.a. paretischer Gangkomponente bei V.a. Fußheberparese links
	Dual-Task Probleme
	Sturzangst
	Z.n. Postischämische Läsion Cerebellum rechts
	Mittelgeradige subkortikale vaskuläre Encephalopathie
	
Rezidivierende Stürze
zuletzt am 24. April 2025, mit Fraktur am Os triquetrum links. 

2) V.a. Osteoporose bei rezidivierenden Frakturen

3) V.a. auf Blutdruckschwankungen mit festgestellter Bradykardie. ","Arterielle Hypertonie seit über 10 Jahren 
Hypothyroidismus 
Asthma bronchiale
Leichte Kognitive Beeinträchtigung

Z.n. Tonsillektomie im Jugendalter. 
Z.n. Cholezystekotomie
Z,.n. Ovarektomie in ihren 40er Jahren ohne anschließende HET ","Im Rahmen der Vorstellung in der Geriatrischen Instituts- und Sturzambulanz wird folgendes festgestellt:  

zu 1) V.a. multifaktorielle Gangstörung und Sturzangst

Es fallene eine sensibel-ataktische und auch paretische Gangkomponente bei Fußheberschwäche links auf. A.e. bei stattgehabter Kleinhirnischämie sowie eine vorbeschriebene mittelgradige subkortikale vaskuläre Encephalopathie. Hinweise auf eine peripher-neurologische Ursache der Fußheberschwäche ergeben sich aktuell nicht (L5 Syndrom oder PeroneusLäsion). 
Darüber hinaus fiel in der sensor-basierten Ganganalyse Hinweise auf Probleme bei Doppeltätigkeits-Aufgaben auf unter der sich die Gangparameter verschlechterten. Dies kann ein H.a. beginnende kognitive Defizite darstellen, die ebenfalls das Sturzrisiko erhöhen und ebenfalls mit der SVE zusammenhängen. Aktuell haben die kognitiven Defizite keine Alltagsrelevanz. Wir empfehlen jedoch einen kognitiven Kurztest (z.B. MoCA, MMST) in ca. 3 Monaten durchzuführen sowie bei Auffälligkeiten ggf. eine weitere Abklärung z.B. in einer Gedächtnisambulanz anzustreben. 

Zur Behandlung der ängstlichen Gangkomponente und im Kontext der mot. Assessments empfehlen wir:

1. Die Teilnahme an einem strukturierten Krafttrainingsprogramm (z.B. medizinische Trainingstherapie, Gerätetraining) mit Fokus auf Schnell- und Explosivkraft (3 x pro Woche). Das Training sollte in Kombination mit einem sensomotorisches Gleichgewichtstraining zum Beispiel am Posturomed oder auf instabilen Unterlagen im Rahmen einer physiotherapeutischen Einzelbehandlung oder zur Integration in Ihren bestehenden Trainingsplan z.B. im Fitnessstudio durchgeführt werden.

Bei Hinweisen auf Dual Task Problemen empfehlen wir die Therapie teilw. unter Doppel-Tätigkeitsaufgaben durchzuführen.

Um den Muskelaufbau zu unterstützen wird eine tägliche Proteineinnahme von mind. 1.2 g/kg/KG empfohlen. 

2. Ein Training des reaktiven Gleichgewichts durch Perturbationstraining, zum Beispiel Perturbationslaufband (SturzImpfung). Bei Interesse bei uns im Haus gerne Kontaktaufnahme über unsere Geriatrische Instituts- und Sturzambulanz unter 0731 187-181 (Telefon) oder sturzambulanz.bgu@agaplesion.de (Mail).

3. ggf. die Teilnahme an einem gruppenbasierten Sturzpräventionstraining mit den Schwerpunkten auf funktionellem Krafttraining und Gleichgewicht (3 x pro Woche). 

Zur Steigerung der körperlichen Aktivität wird empfohlen, die täglichen Anzahl der Schritte für die kommenden Tagen zu notieren. Entsprechend soll Frau Hain erst nach Verbesserung der Gangsymptomatik versuchen, die Anzahl der Schritte wöchentlich zu steigern. Als Beispiel wäre eine Zunahme um 10% der Schritte pro Woche empfehlenswert. Es sollten mindestens 3000 Schritte pro Tag angestrebt werden. 

Zur Verbesserung vom Sturzangst wird die Teilnahme an Gruppenaktivitäten empfohlen. Durch die Verbesserung der Muskelkraft, und der Kondition ist mit einer Verbesserung vom Sturzangst zu rechnen. 

Im Rahmen der weiteren Abklärung soll einer Fußheberparese am linken Fuss ausgeschlossen werden. Wir empfehlen die Durchführung einer Elektromyographie. Bei Bestätigung dieses Befundes wäre das Tragen einer Schiene zu erwägen. 

Zu 2) V.a. Osteoporose

Bei rezidivierenden Frakturen im Rahmen der Stürze besteht der Verdacht auf eine Osteoporose-Erkrankung. Wir empfehlen zur weiteren Abklärung eine Knochendichtemessung beim niedergelassenen Radiologen/Osteoplogen sowie laborchemischer Differentialdiagnose (z.B. gemäß Basislabor Leitlinie Dachverband Osteologie: PTH, TSH, Calcium, Phosphat i. S., Vit. D, BSG, CRP, BB,  Eiweiß-Elektrophorese, AP, GGT) und beim entsprechenden Nachweis den Beginn einer Vit. D3 und Calciumsubstitution sowie einer spezifischen Osteoporose Therapie (z.B. Bisphosphonate, Denosumab).

Zu 3) V.a. auf Blutdruckschwankungen mit festgestellter Bradykardie. 

Der durchgeführte Schellong Test war negativ. Bei vorhandener arteriellen Hypertonie mit Angaben von niedrigen Werten in Begleitung von Schwindelsymptomatik wird die Durchführung einer 24-h ambulante Blutdruckmessung empfohlen, mit der entsprechenden Adaptation der medikamentösen Behandlung. Bei vorhandener Bradykardie empfehlen wir die Durchführung eines EKGs, und ggf. das Absetzen von Nebivolol mit entsprechender Therapieanpassung.  
Dabei soll die Gabe von FRIDs Medikamente vermieden werden. In diesem Zusammenhang empfehlen wir das Absetzen von Hydrochlorothiazid mit entsprechender Therapieanpassung. ",,Filippo,1,,3,5,4,3,5,4,5,5,4,4,4,4,3,2,3,3,5,5,5,5,5,5,5,5,5279.0,1626.0,4142.0,0.7760370969772339,0.8396227955818176,0.7690258622169495,20,20,15,19,16,11
ID#54,Herr Schneider,"Verdacht auf Demenz vom Alzheimer Typ, DD FTLD/ gemischt
 - Hauptsymptome: Kurzzeit-Gedächtnisstörung, Unruhezustände, Aggressives Verhalten
2) V.a. idiopathische PNP beide Hände
3) multifaktoriell bedingte Gangstörung, cervicobrachiales Syndrom
Sturz am 14.8.23 mit gering dislozierter Jochbeinfraktur links, komplizierter Fraktur der linken Kieferhöhle mit ausgedehntem Hämatosinus, undisloz. Fraktur der linken Orbita. Commotio cerebri
Z.n. subcapitaler Humerusfraktur rechts 09/21
Platzwunde linker EB mit Eröffnung der Bursa olecrani, Thoraxprellung links mit V.a. nicht dislozierte Fraktur 7. Rippe

aktuell offene Wunde frontal, wohl kein Sturz. Wundverband ist erfolgt.","4) Astigmatismus, Z.n. Apoplex, Nachtstar
5) arterieller Hypertonus
6) BPH
7) Supraumbilicale Narbenhernie bei Z.n. endoskopischer Leistenhernien-OP","Herr Schneider stellt sich in Begleitung seiner Tochter in der geriatrischen Institutsambulanz vor. Er ist freundlich zugewandt und kooperativ. Sein eigenes Hauptproblem sieht er im Kribbeln der beiden Hände bds. 

Er ist nur zur Person und örtlich orientiert. Fremdanamnestisch zu Hause verdrehter Tag-Nacht Rhythmus, teilweise sehr unruhig und ab und zu auch ungehalten und aggressiv. Tendenz zur Perseveration. Kribbeln in den Fingern, wiederholt sich ständig. Laut Tochter zeigt sich unter Melperon eine gewisse Besserung der Symptomatik. Herr Schneider ist mittlerweile auch 3 x/Woche in der Tagespflege.

In der kognitiven Testung zeigt sich eine schwere kognitive Funktionseinschränkung mit Orientierungs-, Aufmerksamkeits- und Gedächtnisstörung. 
Eine neurol. Vorstellung ist bereits 2021 erfolgt bei V.a. demntielle Entwicklung. Im MMSE damals 16 Punkte von 18 Punkten laut Auswertung Neurologie/Illertissen. Im EEG leichte Allgemeinveränderungen. Damals wurde bereits ein cMRT in die Wege geleitet. Wurde dieses durchgeführt? 
Im motorischen Assessment ist Herr Sigl gangsicher. Betont auch immer wieder, dass er früher Fußballer war. Auffallend ist jedoch, dass Herr Sigl oft schnell und sprunghaft aufsteht und los läuft. Er überschätzt sich teilweise. Dadurch ist das Sturzrisiko erhöht.

Im Gespräch mit der Tochter zeigt sich diese mittlerweile überfordert und sehr stark belastet mit der gesamten Situation. Erschwerend kommt hinzu, dass die Ehefrau von Herrn Schneider vor einer Woche zu Hause verstorben ist. Die Beerdigung findet am 29.2. statt. Herr Schneider war beim Sterbeprozess anwesend, berichtet aber im Gespräch, dass sich seine Frau gerade im Krankenhaus befindet. Die Tochter zeigt sich diesbzgl. sehr verunsichert und hat Bedenken, wie es bei der Beerdigung wird. Wir rieten ihr mit den Brüdern gemeinsam eine familiäre Strategie und Organisation zu besprechen, wie man diese Situation gemeinsam angehen kann ohne dass alles auf ihren Schultern lastet.

Zu dem gebe es die Möglichkeit Herr Schneider in der psychiatrischen Institutsambulanz in unserem Hause vorzustellen. Dies wurde mit der Tochter besprochen. 
Da es, laut Tochter, noch keine Bildgebung vom Kopf gibt hat dies aber zunächst die höchste Priorität. 

Vielen Dank für die Vorstellung des Patienten in der geriatrischen Institutsambulanz. Bei Rückfragen können sie sich gerne melden.","zu 1 und 2) 
Labor Vitamin B6, Vitamin B12, Folsäure
cMRT und Vorstellung Neurologen bzgl. Kribbeln/PNP beide Hände/Finger
Anbindung an die psychiatrische Institutsambulanz in unserem Haus
ggf. Memantine erwägen
zu 3) 
Physiotherapie (kognitiv-motorisches Training) und ggf. Sturzimpfung in der Sturzambulanz
zu 4) 
Vorstellung beim Augenarzt
zu 5)
antihypertensive Therapie besteht bereits, RR Kontrollen
zu 6)
Tamsulosin, aktuell besteht eine Harninkontinenz und Herr Schneider trägt Pants
zu 7)
chirurgische Vorstellung im MVZ Weißenhorn ist bereits erfolgt 09/22.",Filippo,1,,4,5,4,3,5,5,5,4,3,4,2,3,4,3,4,5,3,3,4,4,4,4,5,5,3825.0,1747.0,2665.0,0.7252236008644104,0.7640611529350281,0.7478216886520386,14,18,16,19,12,16
ID#55,Frau Heinze,"Multifaktorielle Gangstörung und
Rez. Synkopen
mit	1) 	antalgische Gangstörung und
	2) 	sensibel-ataktischer Gangstörung und 
	3)	higher-level Gait disorder
	4)	unsystematischem Benommenheits-Schwindel
		
bei	1) 	Gonarthrose links mit Z.n. Knie-TEP linksm it H.a. Gelenkerguss		
	2)	Polyneuropathisches Syndrom unklarer Genese DD malnutritiv DD idiopathisch
			Empfehlung: weiterführende laborchemisch Abklärung ggf. Therapie
	3)	Mild Cognitive Impairment mit Problemen im semantischen Dual Task
			Empfehlung: cMRT Diagnostik und weiterführende Abklärung inkl. kognitive Kurztestung (z.B. normaler MoCA)
	4)	A.e. Kreislaufbezogene Ursache unklarer Genese DD Orthostatische Hypotension DD im Rahmen von 3)
			Empfehlung: weiterführende kardiologische Abklärung inkl. LZ-EKG, LZ-RR, ggf. erneutes TTE, 
			ggf. Kompressionstherapie der Beine und des Abdomens, Kopfhochlagerung, Bahnungsmanöver, ausreichende Trinkmenge
	5)	Osteoporose
			Empfehlung: Beginn Basistherapie Vit D und Calcium sowie weiterführende osteologische Abklärung

Art. Hypertonus
Z.n. Akutem Nierenversagen 02/24
Hypercholesterinämie",,"Im Rahmen der Vorstellung in der Geriatrischen Instituts- und Sturzambulanz fielen mehrere Komponente einer Gangstörung und Sturzneigung auf:

ad 1) 
Es fiele eine antalgische Gangkomponente auf mit deutlichen Knieschmerzen bei Gonarthrose links bei Z.n. Knie-TEP. Assoziierte Fehlhaltung mit Kyphoskoliose.
Weiterführende Orthopädische Behandlung, symptomatische Schmerzmedikation z.B. mit Metamizol 4x tgl. 500mg. Einer operativen Behandlung schließt die Pat. aus.
Im Rahmendes Stuhlaufstehtests fiel bei der Pat. eine reduzierte Beinkraft auf. 
Wir empfehlen auf Grund der antalgischen Ganges bei Gonarthrose aus therapeutischer Sicht ein strukturiertes Bewegungsprogramm, insbesondere zur Stärkung der lokalen Stabilisatoren des Kniegelenks (Vasti-Gruppe, speziell M. Vastus medialis). Ein sensomotorisches Training unter Doppeltätigkiet (bspw. Dividat-Senso) sowie einer Schmerzbehandlung unter Verwendung physikalischer Maßnahmen. Das Training der kognitiven Kapazität (Hirnleistungstraining). Idealerweise in konzentrierter Form mittels einer ambulanten geriatrischen Rehabilitation. Diese kann z.B. in unserer Klinik nach Antrag bei der Krankenkasse erfolgen. 

ad 2) 
Es fiel eine sensibel-ataktische Gangstörung a.e. bei Polyneuropathie unklarer Genese auf. 
Wir empfehlen zur weiteren Abklärung eine laborchemische Diagnostik insb. bzgl. potenziell modifizierbarer Ursachen: Vitamin B12, Holotranscobalamin, Methylmalonsäure, Vit. B6, Vit B1, Folsäure, Serum-Ephorese (MGUS?), Vasculitisscreening (BSG, CRP; ANA, ANCA, Hepatitis C), HbA1c.
Zusätzlich zu den unter 1) genannter ambulanten Rehabilitation kann dauerhauft ein gruppenbasiertes strukturiertes Sturzpräventionsprogramm bspw. nach dem Ulmer Modell (2-3x/Wo 30-60min) mit gezielten Übungen für Gleichgewicht und Kraft mit regelmäßiger Anpassung des Schwierigkeitsgrads an das individuelle Niveau empohlen werden.
Ggf. ist zusätzlich ist ein Perturbationstraining z.B. auf einem Laufband zum Training von Ausfall uns Abfangschritten sinnvoll. Dieses kann im Rahmen der sog. SturzImpfung in unserer Ambulanz bzw. auch erstmalig während der ambulanten Rehabilitation erfolgen. Bei Interesse und Fragen gerne Kontaktaufnahme über unsere Sturzambulanz unter Tel. 0731 187 181 oder Homepage www.sturzimpfung-ulm.de.

ad 3)
Unter Dual-Task Bedingungen fiel eine verlangsamung der Gehgeschwindigkeit sowie eine erhöhte Schrittdauer-Variabilität auf. Diese sind oft auf subklinische kognitive Defizite bedingt. Ein Kognitives Screening ergab Hinweise auf leichte kognitive Defizite. DD gehen wir von einem Mild cognitive impairment aus.
Wir empfehlen zur weiteren Abklärung eine gezielte kognitive Testung (z.B. normaler MOCA Test), cerebrale Bildgebung mittels cMRT, ggf. Liquorpunktion und Beginn einer Behandlung mit einem Acetylcholineseraseinhibitors Diese kann z.B. über einen niedergelassenen Neurologen/Psychiater oder die Gedächtnisambulanz des ZfP Südwürttemberg in der Bethesda Klinik (Tel 0731 187 5317) erfolgen.  
Wir empfehlen darüber hinaus ergänzend zu den unter 1) und 2) genannten Therapiemaßnahmen, dass diese gezielt auch unter Doppel-Tätigkeit durchgeführt werden, in kritischen Motoriksituationen im Alltag sollte dagegen auf volle Konzentration (z.B. keine Gespräche beim Gehen) geachtet werden, um weitere Sturzereignisse zu vermeiden.

ad 4)
Den beschriebenen Schwindel mit assoziierten Synkopen konnten wir a.e. im Rahmen eines Benommenheitsschwindels mit Kreislaufbezug einordnen. 
Im aktuell durchgeführten Schellong-Test ergab sich kein klarer Hinweis auf eine Orthostatische Hypotension, auch wenn die Anamnese und durchaus passend erscheint. 
Wir empfehlen daher die bereits geplante weiterführende kardiologische Abklärung inkl. LZ-EKG, LZ-RR und ggf. erneute Echokardiographie.
Sollte sich nach kardiologischer Abklärung keine klare Ursache ergeben, empfehlen wir DD einen Versuch mit nicht-medikamentöse Maßnahmen zur Reduktion einer OH einzuleiten: Kompressionsstrümpfe bis zur Leiste Klasse 2-3, Kompressiv-elastische Bauchbinde, Bahnungsmanöver und Muskelpumpe vor dem Aufstehen, Flüssigkeitsbolus vor dem Aufstehen (ca. 400ml in 5min), Oberkörperhochlagerung bei Nacht.
DD kann ein unsystematischer Schwindel auch durch die aufgefallenen kognitiven Defizite, z.B. bei hochgradiger subkortikaler vaskulärer Encephalopathie ausgelöst werden. Auch diesbzgl. empfehlen wir die cMRT Bildgebung.

ad 5)
Auf Grund ihres Alters, der Vorerkrankungen und der vorliegenden geriatrischen Syndrome besteht der V.a. eine Osteoporose Erkrankung. 
Wir empfehlen zur weiteren Abklärung eine Vorstellung beim niedergelassenen Osteologen (z.B. Praxis Spiess, NU oder Praxis Radlmayer, Ulm) sowie die Durchführung einer Knochendichtemessung sowie ggf. die Einleitung einer spezifischen Osteoporosetherapie. 
Wir empfehlen den Beginn einer Vitamin D Substitution sowie je nach Laborwert auch die Substitution von Calcium.

Im Rahmen eines Medikamentenreviews hinsichtlich Sturzrisiko erhöhender Medikamente (fall risk increasing drungs (FRID)) fiel aktuell kein kritisches Medikament auf.",,Filippo,1,,3,5,4,3,5,4,5,5,3,2,3,3,4,2,3,4,4,5,3,4,5,4,4,4,6231.0,1496.0,4396.0,0.7548447251319885,0.8057135939598083,0.8367210626602173,16,17,15,19,11,13
ID#56,Frau Kunz,"Multifaktorielle Gangstörung 
mit	1) 	hypokinetisch-rigide Gangstörung und
	2)	unsystematischem Benommenheits-Schwindel und
	3)	antalgische Gangstörung und
	4)	ängstliche Gangstörung
		
bei	1) 	Parkinsonsyndrom DD idiopathisch DD vaskulär, rechtsbetont vom Indifferenztyp, kein Hinweis auf Wirkflutkuationen, EM ca. 11/2022 ED 11/2024
			Empfehlung: weiterführende Bildgebung mittels cMRT und neurologische Vorstellung, Therapieversuch mit L-Dopa.		
	2)	Orthostatische Hypotension
			Empfehlung: Anpassung Medikation, Kompressionstherapie der Beine und des Abdomens, Kopfhochlagerung, Bahnungsmanöver
	3)	Polyarthrose mit Betonung linkes Kniegelenk, V.a. Coxarthrose bds. mit Trendelenburgzeichen links, Omarthrose re>li
			Z.n. Kniegelenksteilprothesen bds.
			Empfehlung: ggf. probatorische regelm. Schmerztherapie, Physiotherapie
	4)	Sturzangst
	5)	Kraftdefizit der Beine bds.
	6)	Drang- und Belastungsinkontinenz
			Empfehlung: Urologisch/Gynäkologische Abklärung und ggf. konservativen Therapieversuch

7) 	V.a. Osteoprose
		anamnestisch Z.n. grenzwertig auffälliger Knochendichtemessung vor ca. 10 Jahren
		Empfehlung: Fortführung Vit. D Einnahme, ggf. zusätzlich Calcium und Prüfen einer spezifischen Osteoporosetherapie beim niedergelassenen Osteologen

Arterieller Hypertonus
	zuletzt schlecht kontrolliert, Anpassung der antihypertensiven Medikation unter Berücksichtigung der OH
	
V.a. Herzinsuffizienz DD bei hyptertensiver Herzerkrankung
	bei Beinödemen
	Empfehlung: Kardiologische Vorstellung zur weiteren Abklärung
",,"Im Rahmen der Vorstellung in der Geriatrischen Instituts- und Sturzambulanz fielen mehrere Komponente einer Gangstörung und Sturzneigung auf:

ad 1) 
Es fiel in eine geringe hypokinetisch-rigide Gangkomponente sowie ein leicht- bis mäßiggradiger rechtsbetonter Rigor und intermittierender Ruhe- und Haltetremor, das DD im Rahmen eines Parkinsonsyndroms zu erklären ist. Bei Z.n. transienter senomotorischer Fokalneurologie im rechten Arm kommt neben einer idiopathischen auch eine vaskuläre Genese des PS in Betracht.
Wir empfehlen zur weiteren Abklärung die Durchführung eines cMRT sowie eine fachneurologische ambulante Anbindung sowie einen Therapieversuch mit Levodopa.

ad 2)
Den beschriebenen Schwindel konnten wir a.e. im Rahmen eines Benommenheitsschwindels bei Orthostatischer Hypotension einordnen. Der Schellong Test zeigte einen deutlichen RR-Abfall bei insgesamt hohen RR-Werten.
Wir empfehlen die Durchführungen eines 24h LZ RR sowie das Selbstmonitoring der Pat.
Bei auffallenden Beinödeme empfehlen wir eine kardiologische Vorstellung zur Durchführung eines TTE bzgl. des Verdachts auf eine Herzinsuffizienz.
Wir empfehlen die Anpassung der Antihypertensiva-Medikation. Ein Ziel-RR von 130-140/80 mmHg sollte angestrebt werden. Hierbei kann eine Eindosierung von Antihypertensiva gezielt zum Abendzeitpunkt sinnvoll sein. Die Auswahl sollte sich an einer ggf. zu verwendenden Herzinsuffizienzmedikation sowie der OH orientieren.
Wir empfehlen darüber hinaus zunächst nicht-medikamentöse Maßnahmen zur Reduktion der OH einzuleiten: Kompressionsstrümpfe bis zur Leiste Klasse 2-3, Kompressiv-elastische Bauchbinde, Bahnungsmanöver und Muskelpumpe vor dem Aufstehen, Flüssigkeitsbolus vor dem Aufstehen (ca. 400ml in 5min), Oberkörperhochlagerung ca. 30-45° bei Nacht.

ad 3)
Bei bekannter Polyarthrose fiel eine antalgische Gangstörungskomponente auf. Eine operative Behandlung der bekannten Arthrose war zuletzt vom niedergelassenen Orthopäden nicht empfohlen und worden und ist von der Patientin nicht gewünscht.
Wir empfehlen die regelmäßige Einnahme einer Schmerzmedikation mit Metamizol zur Behandlung der chronifizierten Schmerzen, ggf. kann auch eine Kombination mit Tilidin erworgen werden.
Unter Metamizol regelmäßige Leberwert und Blutbildkontrollen.

ad 4) und 5)
Es fiele eine deutliche Sturzangst bei der Pat. auf, die für sich selbst genommen schon als Sturzrisikofaktor gewertet werden kann.
Es fiel eine deutlich reduzierter Beinkraft im Stuhlaufstehtest auf.
Wir empfehlen ein gezieltes Krafttraining und proteinreiche Nahrung, ggf. auch die zusätzliche Einnahme von proteinreichen Nahrungsergänzungsmitteln.

ad 7)
Auf Grund seines Alters, der Vorerkrankungen und der vorliegenden geriatrischen Syndrome besteht der V.a. eine Osteoporose Erkrankung. 
Wir empfehlen zur weiteren Abklärung eine Vorstellung beim niedergelassenen Osteologen (z.B. Praxis Spiess, NU oder Praxis Radlmayer, Ulm) sowie die Durchführung einer Knochendichtemessung sowie ggf. die Einleitung einer spezifischen Osteoporosetherapie. 
Wir empfehlen den Beginn einer Vitamin D Substitution sowie auch die Substitution von Calcium.",,Filippo,0,,4,5,4,4,5,4,4,4,4,4,4,4,4,4,4,4,5,4,4,4,5,5,5,5,4723.0,1844.0,3616.0,0.7655853629112244,0.7860464453697205,0.8651090264320374,17,20,17,17,16,16
ID#57,Frau Frieder,"Dreh- und Schwankschwindel
V.a. sekundär-somatoformer Schwindel bei
V.a. stattgehabter traumatischer BPLS nach Schädel-Hirn-Trauma (12/2022)
phobischer Schwankschwindel",,"Frau Frieder wurde uns zur Mitbeurteilung eines seit zwei Jahren bestehenden Dreh- und Schwankschwindels vorgestellt. Anamnestisch trat dieser infolge eines Schädel-Hirn-Traums zunächst attackenartig bewegungsabhängig auf und chronifizierte sich im Verlauf zu o.g. Mischbild. Der zum Schädel-Hirn-Trauma führende Sturz lässt sich nicht rekonstruieren, wegen der Anmnesie für das Ereignisses. Ein einmaliges Ereignis, fehlende anamnestische Hinweise, sowie ein unauffälliges EEG im Vorfeld sprechen gegen eine epileptische Genese. Eigenanamnestisch wird ein Stolpersturz als unwahrscheinlich erachtet. Wir empfehlen daher - falls noch nicht erfolgt - eine Synkopendiagnostik zu ergänzen (LZ-EKG, LZ-RR, TTE). Der in domo durchgeführte Schellong-Test war unauffällig. Hinsichtlich des zur Vorstellung führenden Schwindels spricht die Anamnese für einen benignen paroxysmalen Lagerungsschwindel (BPLS). Der zeitliche Zusammenhang mit dem Schädel-Hirn-Trauma suggeriert eine traumatische Genese, auch wenn dieser bei diesem Unfallhergang selten ist. Die aktuelle klinische Untersuchung provozierte zwar den Schwindel beidseits in den Lagerungsproben, zeigte aber unter der Frenzelbrille keinen Nystagmus. Stand und Gang waren ängstlich und unsicher, aber ohne Hinweis auf eine Störung der Sensomotorik. Die übrige klinische Untersuchung war unauffällig. Das motorische Assessment zeigte Defizite in der Beinkraft und unter Ablenkung während der Gehversuche, was jeweils mit Stürzen assoziiert ist.
In Zusammenschau vermuten wir einen vor 2 Jahren stattgehabten BPLS, der sich nun in Form eines sekundär somatoformen Schwindels chronifiziert hat, mit zusätzlicher phobischer Komponente. Wir besprachen mit der Patientin die Diagnose und empfehlen ein Beüben des Gehens in einer gesicherten Umgebung, z. B. einem gesicherten Laufbandtraining. Zudem sollten die Defizite der Beinkraft und der Koordination in physiotherapeutischem Einzeltraining beübt werden. Hinsichtlich der phobischen Komponente kann der Patientin eine kognitive Verhaltenstherapie angeboten werden, sofern sie sich dafür offen zeigt. Eine Hilfsmittelversorgung mit einem Gehstock lehnte die Patientin aktuell wegen der Stigmatisierung ab, ggf. kann dieses Stigma durch Nordic Walking Stöcke reduziert werden.","Synkopendiagnostik (LZ-EKG, LZ-RR, TTE)
Hilfsmittelversorgung: Gehstock oder Nordic Walking Stöcke
Gesichertes Laufbandtraining
Physiotherapeutisches Einzeltraining
Strukturiertes Krafttraining
Koordinatives Training bzw. kognitiv-motorisches Training
Kognitive Verhaltenstherapie gegen phobische Komponente des Schwindels
Betavert kann aus geriatischer Sicht beendet werden
Indikation von Selen und Biotin prüfen",Filippo,1,,5,5,5,4,5,5,5,5,4,4,4,4,4,4,2,4,4,4,3,4,4,4,5,4,2911.0,1368.0,2044.0,0.7733485102653503,0.825298547744751,0.8605353832244873,15,17,19,20,16,14
ID#58,Frau Schuster,"Multifaktorielle Gang- und Gleichgewichtsstörung 
mit	1. 	sensibel-ataktischer Komponente
	2. 	ängstlicher Gangstörung
	3. 	Chronischem Schmerzsyndrom
	
bei	1. 	sensorische Afferenzstörung DD bei Hinterstrangsyndrom unklarer Genese
			Empfehlung: weiterführende laborchemische, ggf. auch elektrophysiologische und bildgebende Abklärung
	2A. 	ausgeprägter Sturzangst und V.a. depressives Syndrom
			Empfehlung: gezielte Sturzprophylaxe Gruppe und Einzel-PT, kognitive Verhaltenstherapie, Therapieversuch mit Mirtazapin
	2B. 	Chronisches Schmerzsyndrom der LWS und der Hüfte re 
		bei Z.n. Hüft-TEP re mit Revision bei Coxarthrose und
		Chronisch degenerative Veränderungen der WS, lumbale SKS
		DD Osteoporose
			Empfehlung: Anhaltende medikamentöse Schermz-Therapie, Reevaluation Osteoporose Diagnose und ggf. spez. Therapie
		
Orthostatische Hypotension
		pathologischer Schellongtest, keine sichere Schwindelsymptomatik 
	
Carpaltunnelsyndrom bds.
Z.n. Mamma CA links
Z.n. Uterus CA
Presbyakusis
V.a. KHK
art. Hypertonie
Glaukom bds.
Z.n. Katarakt OP bds.
Orale Glukosetoleranzstörung",,"Frau Schuster stellte sich unter oben genannten Diagnosen und Anamnese in unserer Sturzambulanz vor. Klinisch und anamnestisch fallen bei der Pat. vor allem zwei Komponenten einer Gangstörung auf:

ad 1
Es fiel eine sensibel-ataktische Gangkomponente bei der Pat. auf. Passend dazu zeigt sich klinisch und auch in der Ganganalyse eine sensibel-ataktische Gangstörung mit Verschlechterung der Beschwerden bei Augenschluss und bei unebenem Grund. Klinisch ist kein klares polyneuropathisches Syndrom sonder eher Hinweise auf ein Hinterstrangsyndrom zu erheben, das durch eine Schädigung der Rückenmarksbahnen hervorgerufen sein könnte. 
Wir empfehlen eine laborchemische Abklärung bzgl. Hinterstrang ggf. auch PNP Ursachen, insb. hinsichtlich: Vitamin B1, B6, B12, Methylmalonsäure, Holotranscobalamin, Serum-Elektrophorese, HbA1c, ANA, Anca, HbA1c, TPHA(Lues), Kupfer im Serum (Mangel) sowie eine elektrophysiologische Abklärung mittels Tibialis SEPs, Elektroneuro-/myographie. Ggf. auch einer MRT Bildgebung der HWS zum Ausschluss einer cervikalen Spinalkanalstenose mit Myelonkompression.
Wir empfehlen zur weiteren physiotherapeutischen Behandlung die Teilnahme an einer Sturzpräventionsgruppe. Wichtig ist hierbei, dass geeignete Übungen für Kraft und Balance regelmäßig ca. 3x/Wo 30-60min, ggf. auch in Eigentraining durchgeführt werden. Darüber hinaus sollt eine Einzelphysiotherapie zum individuellen Gleichgewichtstraining z.B. mittels Postero/Dividat sowie Aufstehtraining nach stattgehabtem Sturz sowie zur Anpassung eines Rollators als Hilfsmittel erfolgen.
Wir empfehlen ein Perturbationstraining zur Sturzprophylaxe mittels einer sog. Sturzimpfung, die bei uns im Haus verfügbar ist. Bei Interesse Kontaktaufnahme unter Tel. 0731 187469.

ad 2A
Es fiel eine ausgeprägte Sturzangst mit sozialen Rückzugstendenzen sowie auch einer ängstlichen Komponente der Gangstörung auf (z.B. niederschwelliges Festhalten an Gegenständen) auf. Diese hat zum Einen einen nachvollziehbaren somatische Ursache (siehe 1. und 2B) geh insgesamt jedoch über das somatische Beschwerdeniveau hinaus. Es fiel passend dazu auch ein depressives Syndrom mit Grübelneigung bei der Pat. auf.
Es fielen auch leichte kognitive Defizite im kognitiven Screening auf, die DD im Sinne einer Pseudodemenz bei Depression zu werten sein könnten.
Wir empfehlen eine fachpsychiatrische Anbindung bzgl. der depressiven und kognitiven Defizite inkl. ausführlicher kognitiver und emotionaler Testung/ Untersuchung sowie einen Therapieversuch mit Mirtazapin.
Wir empfehlen bzgl. der ausgeprägten Sturzangst eine kognitive Verhaltenstherapie. 
Auch für die Sturzangst können o.g. Therapien wirksam sein. 
 
ad 2B
Die Pat. beschreibt insb. in Situationen mit einschießenden Hüftgelenks- und Rückenschmerzen eine erhöhte Sturzgefahr. Auch erscheinen teile der beschriebenen Sturzangst mit dem chronischen Schmerzsyndrom zusammenzuhängen.
Die Biopsychosozialen Zusammenhänge eines chronischen Schmerzsyndroms sowie die Sinnhaftigkeit einer regelmäßigen Schmerztherapie inkl. Opioiden wurden der Pat. erneut vermittelt. Der befürchtete Schwindel als NW der Medikation wurde versucht zu relativieren.
Wir empfehlen bei anhaltenden Beschwerden unter der u.g. aufdoiserten Metamizoltherapie daher eine Opiattherapie mittels Tilidin/Naloxon (z.B. 50/4 1-0-1, ggf. 100/8 1-0-1) bzw. die Einnahme von Palexia ret. 25mg 1-0-1 (wie von der Schmerzambulanz UKU empfohlen).
Trotz des unauffälligen Knochendichtemessung aus 2021 besteht der Verdacht auf eine Osteoporose-Erkrankung vor dem Hintergrund des Alters, des Geschlechts sowie der chron. RS der Patientin sowie der multiplen Frakturen (siehe auch Frax Risiko Rechner unten).
Eine Medikation mit Vitamin D Medikation wird bereits regelmäßig eingenommen, zusätzlich sollte auch Calcium substituiert werden (z.B 600mg Clacium Brstbl./d). 
Wir empfehlen außerdem die Vorstellung bei einem niedergelassenen Osteologen (z.B. Praxis Radlmayer, Ulm oder Praxis Spiess, NU) sowie die Anfertigung einer erneuten Knochendichte-Messung sowie ggf. den Beginn Beginn einer spezifischen Osteoporosetherapie z.B. mit einem Bisphosphonat.

Bei Durchsicht der Medikation fiel ein für geriatrische Verhältnisse niedriger TSH Wert auf (geriatrischer Zielbereich 6-8 mlU/l) sowie auch ein erhöhter fT3 Wert, wir empfehlen daher die Reduktion er L-Thyroxintherapie. Bei formal pathologischem Schellong-Test ohne eindeutige Schwindelangabe bei Orthostasereaktion, empfehlen wir das Absetzen der Torasemidtherapie sowie die leichte Steigerung der Amlodipinmedikation am Abend.",,Filippo,0,,4,5,4,4,5,4,4,5,3,4,4,3,4,2,4,4,3,2,4,4,3,3,2,3,5709.0,1689.0,4625.0,0.703397810459137,0.8106907606124878,0.7614275813102722,13,11,17,18,14,14
ID#59,Frau Schimpf,"Multifaktorielle Gangstörung 
mit	1) 	sensibel-ataktischer Gangstörung und 
	2) 	antalgischer Gangstörung und 
	3) 	V.a. apraktische Gangstörung
		
bei	1) 	Axonale Polyneuropathie bei Diabetes mellitus Typ 2
	2)	Degenerative Spondylolisthese L4/5 mit konsekutiver Spinalkanalstenose
Dorsale Spondylodese L4/5 am 09.04.2025 Diakonie-Klinikum Stuttgart
3)     V.a. Mild cognitive impairment bei subkortikaler arteriosklerotischer Enzephalopathie (SAE)
4)     Sarkopenie","Hüft-TEP links 2023
Anamnestisch Z.n. offener Knie-OP ca. 2012 in Sindelfingen
Anamnestisch Visusminderung, Visus 50 % bds.
Arteriosklerose A. carotis bds.
Diabetes mellitus Typ 2, orale Therapie
Chronische Niereninsuffizienz Grad 3b, eGFR 36 ml/min 04/2025
Arterielle Hypertonie","Im Rahmen der Vorstellung in der Geriatrischen Instituts- und Sturzambulanz fielen mehrere Komponente einer Gangstörung und Sturzneigung auf:

ad 1) 
Es fiel eine sensibel-ataktische Gangstörung a.e. bei Polyneuropathie bei Diabetes mellitus Typ 2 auf. 
Wir empfehlen zur Behandlung der sensibl-ataktischen Gangkomponente: Ein Gruppenbasiertes strukturiertes Sturzpräventionsprogramm bspw. nach dem Ulmer Modell (2-3x/Wo 30-60min) mit gezielten Übungen für Gleichgewicht und Kraft mit regelmäßiger Anpassung des Schwierigkeitsgrads an das individuelle Niveau. Zudem das Erlernen bzw. Beüben von Kompensationsschritten, ein koordiniertes Training / sensomotorisches Gleichgewichtstraining (bspw. Postoromed /Dividat).
Zusätzlich ist ein Perturbationstraining z.B. auf einem Laufband zum Training von Ausfall und Abfangschritten sinnvoll. Dieses kann im Rahmen der sog. SturzImpfung in unserer Ambulanz erfolgen. Bei Interesse und Fragen gerne Kontaktaufnahme über unsere Sturzambulanz unter Tel. 0731 187 181 oder Homepage www.sturzimpfung-ulm.de. 

ad 2)
Es fiel eine antalgisch-muskuloskelettale Gangkomponente mit Schonhinken bei deutlichen Rückenschmerzen auf. Diese ist a.e. im Rahmen der degenerativen Veränderungen der LWS und Z.n. LWS-OP einzuordnen. Unter Verwendung einer Rollators besserte sich das Gangbild. 
Wir empfehlen eine adäquate Schmerzmedikation, eine Stärkung der autochthonen Rückenmuskulatur und die Zuhilfenahme eines Rollators. 

ad 3)
Es fiel eine apraktische Gangkomponente mit posturaler Instabilität, teilw. inadäquater motorischer Reaktion und Fußstellungen auf. In der aktuellen Ganganalyse kam es zu keiner Verschlechterung der Parameter unter Doppel-Tätigkeits-Aufgaben (Dual task), wobei dies auch am Untersuchungsablauf gelegen haben kann. Ein Kognitives Screening ergab einen grenzwertigen Befund ohne Hinweise auf kognitive Defizite. DD gehen wir von einem Mild cognitive impairment aus.
Wir empfehlen zur weiteren Abklärung eine gezielte kognitive Testung (z.B. normaler MOCA Test), cerebrale Bildgebung, ggf. Liquorpunktion und Beginn einer Behandlung mit einem Acetylcholineseraseinhibitors. Diese kann z.B. über einen niedergelassenen Neurologen/Psychiater oder die Gedächtnisambulanz des ZfP Südwürttemberg in der Bethesda Klinik (Tel 0731 187 5317) erfolgen. 
Wir empfehlen darüber hinaus geränzend zu den unter 1) genannten Therapiemaßnahmen, dass diese gezielt auch unter Doppel-Tätigkeit durchgeführt werden, in kritischen Motoriksituationen im Alltag sollte dagegen auf volle Konzentration (z.B. keine Gespräche beim Gehen) geachtet werden, um weitere Sturzereignisse zu vermeiden.

ad 4)
Im Rahmen des Stuhlaufstehtests fiel bei der Pat. eine reduzierte Beinkraft auf. 
Wir empfehlen ein regelmäßiges Krafttraining, welches vor allem explosives Krafttraining bzw. Schnellkrafttraining umfasst.
Es ergaben sich Hinweise auf eine Sarkopenie, die ebenfalls zu Gangunsicherheit und allgemeiner Leistungseinschränkung beitragen kann. Eine proteinreiche Ernährung ist für ältere Menschen (mit Ausnahme fortgeschrittener Nieren- und Leberinsuffizienzpatient:innen) in der Regel sinnvoll und beugt Sarkopenie vor bzw. kann diese behandeln. Durch eine erhöhte anabole Schwelle müssen ältere Menschen mit ca. 25-30g/Mahlzeit deutlich mehr Protein zuführen, um Muskelmasse zu erhalten oder aufzubauen. Als proteinreiche Nahrungsmittel können z.B. Eier, Milchprodukte wie Käse oder Molkeproteine und Fleisch eigesetzt werden. Um den Proteinbedarf als Zwischenmahlzeit zusätzlich zu decken können proteinreiche Zusatznahrungen, z.B. Leucin-angereicherte molkeproteinbasierte Trinknahrung eingesetzt werden.

Auf Grund des Alters, der Vorerkrankungen und der vorliegenden geriatrischen Syndrome besteht der V.a. eine Osteoporose Erkrankung. 
Wir empfehlen zur weiteren Abklärung eine Vorstellung beim niedergelassenen Osteologen (z.B. Praxis Spiess, NU oder Praxis Radlmayer, Ulm) sowie die Durchführung einer Knochendichtemessung sowie ggf. die Einleitung einer spezifischen Osteoporosetherapie. 
Wir empfehlen die Vitamin D Substitution fortzusetzen sowie je nach Laborwert auch die Substitution von Calcium.

Im Rahmen eines Medikamentenreviews hinsichtlich Sturzrisiko erhöhender Medikamente (fall risk increasing drungs (FRID)) fiel die Einnahme von Pregabalin auf. Dies werde jedoch von der Patientin gut vertragen und konnte bereits in der Dosis reduziert werden. Falls möglich ist eine weitere Reduktion und ggf. Absetzen empfohlen.
Bezüglich der chronischen Niereninsuffizienz (eGFR 36 ml/min 04/2025) war die Einnahme von Metformin auffällig. Die Tages-Maximaldosis von Metformin bei einer GFR von 30 - < 45 ml/min beträgt 1000 mg, sodass wir empfehlen, Metformin zu reduzieren. 
Die Indikation für die Einnahme von Pantoprazol ist nach den vorliegenden Diagnosen unklar. Pantoprazol kann das Risiko für Osteoporose erhöhen, insbesondere bei längerer Anwendung. Dies liegt daran, dass Pantoprazol die Aufnahme von Calcium im Körper hemmen kann. Zudem ist bei insbesondere langfristiger Einnahme das Risiko für eine Pneumonie erhöht. Falls möglich, empfehlen wir daher, Pantoprazol auszuschleichen. ","Regelmäßiges Krafttraining: 
Empfehlungen für die weiterbehandelnde Physiopraxis: 
1. Gezieltes Boden-Aufstehtraining, zum Beispiel nach der Backward Chaning Methode.
2. Strukturierten Krafttrainingsprogramm mit Fokus auf Schnell- und Explosivkraft (3 x pro Woche).
3. Koordinatives Training bzw. kognitiv-motorisches Training zum Beispiel mit Koordinationsleiter, Senso oder unter dual-tasking.
Geriatrische Rehabilitation (bereits ab dem 17.07.2025 in Bad Sebastiansweiler geplant) zum Kraftaufbau und Verbesserung von Gleichgewicht und Koordination
Gezielte kognitive Testung (z.B. normaler MOCA Test), cerebrale Bildgebung, ggf. Liquorpunktion und Beginn einer Behandlung mit einem Acetylcholineseraseinhibitors. 
Knochendichtemessung und ggf. spezifische Osteoporosetherapie, Vitamin D Substitution fortsetzen sowie je nach Laborwert Substitution von Calcium
Pregabalin weiter reduzieren und ggf. absetzen
Kontrolle der Nierenfunktion bei chronischer Niereninsuffizienz, Dosisreduktion Metformin (Tages-Maximaldosis bei GFR von 30 - < 45 ml/min 1000 mg)
Pantoprazol ausschleichen
Proteinreiche Ernährung (mind. 1,2g/kg KG). Hierzu kann ggf. als Zwischenmahlzeit der Einsatz von hochkalorischen Nahrungsergänzungsmitteln z.B. auf Basis von leucin-angereichertem Molkeprotein sinnvoll sein. ",Filippo,0,,4,5,4,4,5,4,5,5,3,3,4,3,4,2,3,4,3,3,3,3,5,5,5,5,7235.0,1279.0,4003.0,0.7622700333595276,0.7831169962882996,0.7975189685821533,12,20,17,19,13,13
ID#60,Herr Kunz,"1) Multifaktorielle Gangstörung bei
multiplen bihemisphären Hirninfarkten in allen Stromgebieten 03/22 bei möglicher Aortenklappenendokarditis 
Z.n. Ischämie rechts parietookkzipital mit hämorrhagischer Transformation rechts parietal, postischämische Defektzone, a.e. kardiogen embolisch bedingt bei VHF
Z.n. Synkope, orthostatisch 05/22, kein Hinweis auf eine kardiale Genese 06/22
passagerer Schwindel und Gangunsicherheit DD Transiente ischämische Attacke 04/23

Mediabifurkationsaneurysma, seit Jahren stabil

2) KHK, 2 GE mit normal linksventrikulärer Pumpfunktion04/23
persistierendes VHF, Eliquis
V.a. Aortenklappenendokarditis 05/22, antibiotische Therapie BWK Ulm, aktuell leicht- mittelgradige Aortenklappeninsuffizienz
Z.n. TAVI bei hochgradiger symptomatischer Aortenklappenstenose 2018
Z.n. Loop-Rekorder-Implantation 02/23
Kardiale Risikofaktoren:
art. Hypertonus
HLP

3) Hautveränderungen/Exanthem im Bereich der Füße, teilweise erheblicher Juckreiz, Schwellung im Rückenbereich a.e. einem Lipom entsprechend.","Z.n. Katarakt OP bds.
Z.n. Nephrektomie links 11/18 bei papillärem NCC
Strumektomie vor 30 Jahre","Herr Dr. Kunz stellt sich heute bei oben genannten Diagnosen in der geriatrischen Institutsambulanz/Sturzambulanz vor. Er berichtet beim gerade auslaufen häufig Abweichungen nach rechts oder nach links zu bemerken. Diesbzgl. war er bereits in der Kardiologie sowie Neurologie. In der Ganganalyse zeigten sich im Gang unter Dual Tasking Gangstörungen und Gangunsicherheiten mit einer gewissen Sturzgefährdung. Herr Dr. Kunz kommt ohne Hilfsmittel zur Vorstellung.
Die funktionelle Beinkraft zeigt ein mittleres Kraftdefizit.
Für den Timed Up and Go werden 14,83 Sekunden benötigt, was einer geringen i.d.R. noch nicht alltagsrelevanten Mobilitätseinschränkung entspricht.
Der hüftbreite Stand ist möglich.
Zudem konnte Herr Kunz die geforderten (semantic & working) Aufgaben nicht adäquat umsetzen.  
Im Kurz MOCA Test zeigte sich eine leichte kognitive Einschränkung, vor allem Defizite in der Merkfähigkeit bei der verzögerten Abfrage. Hier empfehlen wir eine Re-Testung in 3 Monaten.

Zusätzlich berichtet Herr Dr. Kunz über ein Schwindelgefühl beim schnellen Aufstehen morgens aus dem Bett. Im durchgeführten Schellongtest zeigte sich keine orthostatische Dysregulation. Bzgl. des Schwankschwindels wurden diverse kardiol. Untersuchungen bereits durchgeführt. Im Juli 2024 sogar ein Kardio MRT. Hierbei konnte eine kardiale Ursache für den Schwindel ausgeschlossen werden.

Im Aufnahmegespräch zeigte sich Herr Dr. Kunz freundlich zugewandt und kooperativ. Es fiel aber auf, dass er zeitweise die bereits bekannten und noch vorhandenen Wortfindungsstörungen zeigte sowie ihm auch Namen nicht mehr einfielen und er sich darüber selber ärgert. In allen Qualitäten zeigte er sich orientiert, wobei der Name vom Krankenhaus ihm nicht spontan einfiel. Im Kurzzeitgedächtnistest konnte er in der verzögerten Abfrage lediglich einen Begriff wiederholen. Herr Dr. Kunz ist bereits in neurologischer Behandlung im Neuropoint Ulm.
Diverse Untersuchungen sind bereits erfolgt: MRT 15.4.23, CT Schädel 14.4.2022, PET CT 28.4.2022

Herr Dr. Kunz berichtet über Juckreiz in den Füßen. Die Sensibilität zeigte sich grob unauffällig. Es zeigten sich jedoch lokal mehrere Hautveränderungen. Ein rotes Exanthem bei sehr trockener Haut im Bereich des Unterschenkel rechts sowie Fußrücken bds. Mehrere hyperkeratotische Hautveränderungen am US rechts. Ausgeprägte Nagelmykose. Wir empfehlen daher eine Vorstellung beim Dermatologen, da dies Herr Dr. Kunz sehr belastet. Im Rückenbereich zeigt sich eine große Schwellung wenig verschieblich a.e. einem Lipom entsprechend. Laut Patient besteht diese Veränderung schon Jahre.

Bei der Vorstellung fielen zudem rez. zyanotische - weiße Finger auf DD Raynaudsyndrom. Die 02 Sättigung lag bei 91 % nach Belastung. Eine Dyspnoe bestand nicht.

Wir empfehlen eine ambulante geriatrische Rehabilitation zur Verbesserung der Mobilität sowie Gedächtnisleistung. 

Vielen Dank für die Überweisung des Patienten in unsere geriatrische Institutsambulanz. Bei Rückfragen können sie sich gerne melden.","zu 1) Antrag ambulante geriatrische Rehabilitation
weiter Logopädie bei Wortfindungsstörungen
Die Durchführung einer ambulanten Rehabilitation mit umfangreichen Therapieangeboten der Physiotherapie, Ergotherapie und Bewegungstherapie. 
Eine ergotherapeutische Einzelbehandlung mit dem Fokus auf kognitives Training bzw. Hirnleistungstraining. 
Ein koordinatives Training bzw. kognitiv-motorisches Training zum Beispiel mit Koordinationsleiter, Senso oder unter dual-tasking im Rahmen einer pyhsiotherapeutischen Einzelbehandlung oder zur Integration in den bestehenden Trainingsplan z.B. im Fitnessstudio. 

zu 2) eine Vorstellung beim Kardiologen war erst 9/24. 
zu 3) Vorstellung Dermatologie",Filippo,0,,4,5,4,4,5,4,5,5,3,4,4,3,4,3,3,4,1,2,1,2,5,5,5,5,4887.0,1631.0,3435.0,0.8014673590660095,0.8297346234321594,0.7942034602165222,6,20,17,19,14,14
ID#61,Frau Fels,"Multifaktorielle Gang- und Gleichgewichtsstörung 
mit	1. 	apraktische und ängstliche Gangkomponente 
	2.	sensibel-ataktischer Komponente
		
bei	1. 	Dementielles Syndrom DD gemischter Genese
			Empfehlung: Vorstellung Gedächtnissprechstunde am ZfP Ulm zur weiteren Abklärung inkl. cerebraler Bildgebung und sozialmedizinscher Beratung
	2. 	sensorische Afferenzstörung DD im Rahmen einer Subkoritkalen vaskulären Encephalopathie 
			Empfehlung: cerebrale Bildgebung mittels cMRT
	3.	Chronisches Schmerzsyndrom bei lumbaler SKS und Gonarthrose bds.
			Empfehlung: Probatorische regelmäßige Schmerztherapie nach WHO Stufenschema 
	4.	V.a. Osteoporose
			Empfehlung: Abklärung mittels Röntgen LWS, Knochedichtemessung, Laborchemie, Vitamin D und Calcium sowie ggf. spez. Osteoporose Therapie
	5.	Sarkopenie
			Stuhlaufstehtest pathologisch, hochkalorische Nahrungsergänzung mit proteinreicher Trinknahrung, Proteinreiches Essen
		Frailty
	6.	Presbyakusis
			Empfehlung: Hörgeräteversorgung
	7.	Sehminderung bei Katarakt, Z.n. OP LA
			Empfehlung: Planung OP RA
			
art. Hypertonie
Z.n. Thyroidektomie
Dranginkontinenz
Raynaud Syndrom vorbeschrieben
Migräne",,"Frau Fels stellte sich unter oben genannten Diagnosen und Anamnese in unserer Sturzambulanz vor. Klinisch und anamnestisch fallen bei der Pat. vor allem zwei Komponenten einer Gangstörung auf:
ad 1
Es fiel eine apraktische und ängstliche Gangkomponente auf, die mit einer teilw. Fehlerhaften Fußsetzung, Neigung zu Festhalten an Gegenständen sowie deutlichen Einbußen im Dual-Tasking einhergeht. Es fiel darüber hinaus eine einschränkte Kognition im 5-min-MocA Screening Test auf, es besteht daher der V.a. ein dementielles Syndrom. Klinisch-neurologisch fielen ein gesteigertes Reflexniveau der linken oberen und der rechten unteren Extremität auf, was auf eine Hirnläsion hindeuten könnte.
Wir empfehlen die Vorstellung in einer Gedächtnisambulanz, z.B. in der Psychiatrischen Institutsambulanz des ZfP Südwürttemberg, die in der Bethesdaklinik betrieben wird (Kontaktaufnahme unter 0731 400697-5312). In dieser sollte neben einer formalen kognitiven Testung und cerebralen Bildgebung auch eine sozialmedizinsche Beratung der Patienten erfolgen.
ggf. ist ein medikamentöser Therapieversuch z.B. mit einem Acetylcholinesteraseinhibitor indiziert
Wir empfehlen zudem eine physiotherapeutische Einzelbehandlung. Hierbei sollte vor allem das Anlernen eines Hilfsmittels wie eines Rollators erfolgen, die Kräftigung der unteren Extremität sowie auch Gleichgewichtsübungen idealerweise unter Dual tasking sollte ebenfalls im Mittelpunkt stehen. Auch die Teilnahme an einer Sturzpräventionsgruppe mit dem Fokus auf Gleichgewicht und Kraft ist empfohlen. Bei Interesse hierzu Kontaktaufnahme über unser Therapiezentrum und dem Seniorensportverein Bethesda Bewegt e.V. unter 0731 187-288. Im Rahmen der Sturzprävention ist zudem die SturzImpfung auf einem Perturbationstraining empfohlen. Bei Interesse gerne Kontaktaufnahme über unsere Geriatrische Instituts- und Sturzambulanz unter Tel. 0731 187-181.

ad 2
Es fiel eine sensibel-ataktische Gangkomponente bei der Pat. auf. Passend dazu zeigt sich klinisch und auch in der Ganganalyse eine sensibel-ataktische Gangstörung mit Verschlechterung der Beschwerden bei Augenschluss und bei unebenem Grund. Klinisch ist kein klares polyneuropathisches oder Hinterstrang-Syndrom zu erheben. Es besteht eher der V.a. ein Auftreten der Beschwerden im Rahmen einer subkortikalen vaskuläre Encephalopathie zu erheben.
Wir empfehlen auch unter diesem Aspekt die cerebrale Bildbgeung (s. ad 1). 

ad 3
Es fiel ein chronisches Schmerzsyndrom auf, ohne dass sich ein typisches antalgisches Gangbild zeigte.
Da sich auch dieses negativ auf die Gangstörung auswirken könnte, empfehlen wir die probatorische regelmäßige Schmerztherapie nach dem WHO Stufenschema, z.B. mit Metamizol, ggf. auch zusätzlich mit Tilidin.
Während der Vorstellung berichtete die Pat. über Schmerzen im Bereich der ISG-Region links sowie des Beckenrings nach einem vorausgehende Sturz am Vortag. Hier zeigte sich auch ein kleines Hämatom am ISG links. Die Schmerzen waren für die Pat. zum Vorstellungszeitpunkt nicht immobilisierend. Sollten sich diese Verschelchtern oder weiter Persistieren, empfehlen wir eine unfallchirurgie Vorstellung inkl. Röngten ggf. auch Schnittbildgebung zum Ausschluss einer Fraktur.
 
ad 4
Es besteht der Verdacht auf eine Osteoporose-Erkrankung vor dem Hintergrund des Alters, des Geschlechts sowie der chron. RS der Patientin (siehe auch Frax Risiko Rechner unten).
Eine Medikation mit Vitamin D Medikation sollte regelmäßig eingenommen, zusätzlich sollte auch Calcium substituiert werden, wenn laborchemisch eine Erhöhung ausgeschlossen werden konnte (z.B 600mg Clacium Brstbl./d). 
Wir empfehlen außerdem die Vorstellung bei einem niedergelassenen Osteologen (z.B. Praxis Radlmayer, Ulm oder Praxis Spiess, NU) sowie die Anfertigung einer Knochendichte-Messung sowie ggf. den Beginn einer spezifischen Osteoporosetherapie z.B. mit einem Bisphosphonat.

Ad 5
Im Rahmen des Stuhlaufstehtests fiel eine deutlich reduzierte Beinkraft sowie auch funktionell eine reduzierte Gehgeschwindkeit auf, passend zu einer Sarkopenie.
Wir empfehlen die Einnahme von hochkalorischer, möglichst proteinreicher Trinknahrung sowie proteinreicher Nahrungsmittel zu jeder Mahlzeit
Wir empfehlen ein mäßiges Krafttraining in die Therapiemaßnahme zu integrieren.

Ad 6 und 7
Es bestehend multiple weitere Risikofaktoren für eine erhöhte Sturzneigung:
Bei Sehstörung sollte die Durchführung einer Katarakt OP RA erneut geprüft werden, eine Gleitsichtbrille solle auf eine konventionelle Fernsicht und Lesebrille gewechselt werden
Bei Presbyakusis kann eine Hörgeräteversorgung das Sturzrisiko reduzieren",,Filippo,0,,4,5,5,4,4,3,4,4,3,5,4,3,4,3,4,4,2,2,1,2,5,5,5,5,5827.0,1782.0,3899.0,0.7261461615562439,0.8381863832473755,0.7799980640411377,7,20,18,15,15,15
ID#62,Frau Müller,"Multifaktorielle Gang- und Gleichgewichtsstörung mit Sturztendenz und Sturzangst 
mit	1. 	sensorisch-ataktischer Gangstörung
	2. 	antalgischer Gangstörung
	3.	Funktionelle Kraftminderung der proximalen OS bds., kein H.a. Parese
	
bei	1. 	V.a. Hinterstrangsyndrom DD cervikale SKS
			Empfehlung: laborchemische Diagnostik und cervikales MRT
		DD lumbale SKS DD Polyneuropathie, unklarer Genese
			Empfehlung: laborchemische PNP Diangostik ggf. Behandlung
	2. 	Z.n. Hüft-TEP re bei Coxarthrose
		Coxarthrose links
		Gonarthrose bds.
		Lumbale SKS mit absoluter Spinaler enge LWK 4/5 bei Wirbelgeleiten 
		Osteochondros C5/5 und C6/7
		V.a. osteodegenerative Veränderungen der gesamten WS
		Z.n. Grundplattenfraktur LWK 3
 	3.	DD bei Statin-induzierter Myopathie
		Empfehlung: Pause Statin, CK- Bestimmung und Kontrolle nach Absetzen, bei Erhöhung und Persistenz ggf. Elektromyographie beim Neurologen zum Ausschluss Myopathie
	
4. Osteopenie/Osteoporose
	WK Fraktur LWK 3
	02/23 T Score SH -1,3
	Empfehlung: grenzwertiger Befund, daher zeitnahe Kontrolle nach ca. 1 Jahr und ggf. Beginn osteoporose-spezifische Therapie

Z.n. Karakt-OP bds.
ACI Stenose re, unklaren Grades
art. Hypertonus
Deutliche Aortensklerose der Aorta abdominalis
Refluxösophagitis
Z.n. Depressiven Episoden 2013 und 2016",,"Frau Müller stellte sich unter oben genannten Diagnosen und Anamnese in unserer Sturzambulanz vor. Klinisch und anamnestisch fallen bei der Pat. vor allem drei Komponenten einer Gangstörung auf:

ad 1 + 2
Bei der Pat. zeigt sich das Bild eines sensibel-ataktischen Gangbildes, wobei kein typisches polyneuropathisches Syndrom vorliegend ist. DD können diese bei in den Vorbefunden auf reduzierten Latenzen der sensibel-evozierten Potenziale zu einem Hinterstrangsyndrom der zentralen sensiblen Rückenmarksbahnen passen. Hinweisen auf Paresen oder Spastik ergaben sich zum aktuellen Zeitpunkt nicht. Bei vorbeschriebenen deutlichen osteodegenerativen Veränderungen der WS sollte diesbzgl. eine cervikale Spinalklanalstenose mittels eines MRT der HWS ausgeschlossen werden. Darüber hinaus können Läsionen der Hinterstränge durch einen Vitamin B12, Folsäure oder Kupfermangel oder eine Lues-Erkrankung verursacht sein. Wir empfehlen entsprechend die laborchemische Bestimmung von Holotranscobalamin, Methylmalonsäure, Folsäure und Kupfer im Serum und TPHA.
DD kommt als Ursache der sensibel-ataktischen Gangstörung ggf. auch die bekannte absolute lumbale SKS oder eine PNP in Betracht. Zur ggf. Ausschluss einer potenzielle behandelbaren PNP-Ursache empfehlen wir ggf. die erneute laborchemische Bestimmung von Vit B1, B6, ANA, ANCA, HbA1c, Serum-Elektrophorese zusätzlich zu o.g. Untersuchungen.
Bei der Pat. zeigt sich zusätzlich auch eine antalgische Gangkomponente mit Versteifung der WS und bei bestehender Gon- und Coxarthrose.
Wir empfehlen zur weiteren physiotherapeutischen Behandlung die Teilnahme an einer Sturzpräventionsgruppe z.B. nach dem Ullmer Modell über den Alterssportverein Betehsda Bewegt e.V.. Wichtig ist hierbei, dass geeignete Übungen für Kraft und Balance regelmäßig ca. 3x/Wo 30-60min, ggf. auch in Eigentraining durchgeführt werden.
Wir empfehlen außerdem die Durchführung eines sturzprophylaktischen Perturbationslaufband-Trainings (sog. Sturzimfung) in unserem Hause, die in Studien das Sturzrisiko um bis zu 50% senken konnte. Bei Interesse kann eine Terminvergabe unter Tel. 0731 187 469 oder www.sturzimpfung-ulm.de erfolgen.

ad 3
Bei der Pat. fiel ein pathologischer Stuhlaufstehtest als Hinweis auf eine reduzierte Beinkraft auf. Die Pat. beschreibt zudem myalgische Beschwerden seit Beginn einer Behandlung mit Atorvastatin vor ca. 1 Jahr. DD kommt hier eine Statin-induzierte Myopathie in Betracht.
Wir bitten um Pausierung des Atorvastatins und klinische Verlaufskontrolle.
Zusätzlich empfehlen wir die laborchemische Bestimmung der CK und bei Erhöhung, in jedem Fall aber bei Persistenz der Erhöhung über 4 Wo nach Absetzen des Statins hinaus, empfehlen wir eine Elektromyographie beim niedergelassenen Neurologen zum Ausschluss einer Myopathie.
Wir empfehlen gezielte Kräftigungsübungen der OS Muskulatur z.B. im Rahmen eines Sturzprophylaxe Trainings (s.o.).
Wir empfehlen die gezielte proteinreiche Ernährung zu allen Mahlzeiten z.B. durch regelmäßigen Konsum von Eiern, Milchprodukten, Fleisch oder anderen proteinreichen Lebensmitteln, ggf. kann auch eine Nahrungsergänzung z.B. mit leucin-angereichteren, molke-protein-basierten Trinknahrungen erfolgen.

ad 4
Anhand der vorliegenden DXA Messung aus 02/23 sowie der anamnestischen Angaben einer Femurfraktur eines Elternteils und dem Nachweis einer älteren LWK Fraktur besteht lt. DVO Leitlinie der Verdacht auf ein Übergangsstadium zwischen einer Osteopenie hin zu einer Osteoporose-Erkrankung. Siehe auch Frax Risiko Rechner unten.
Wir empfehlen eine regelmäßige Vitamin D Medikation und auch Calcium in ausreichender Dosierung als Basistherapie.
Wir empfehlen außerdem die zeitnahe Wiederholung der DXA Messung nach ca. 1 Jahr, um ggf. die Indikation für eine spezifische Osteoporose Therapie nicht zu verpassen. GGf. kann dann eine Vorstellung bei einem niedergelassenen Osteologen (z.B. Praxis Radlmayer Ulm oder Praxis Spiess, NU) sinnvoll sein.

Es erfolgte die gezielte Durchsicht der bestehenden Medikation hinsichtlich Sturz-risiko erhöhende Medikamente (Fall risk increasing drugs - FRID), hierbei fiel folgendes auf:
Die Medikation mit Duloxetin als FRID sollte bei aktuell rekompensierter Depressivem Syndrom versucht werden auszulassen
Die schlafanstoßende Behandlung mit Zopiclon sollte versucht werden gegen eine besser Verträgliche Alternative wie Baldrian Drgs. auszutauschen
Die Dosierung des Vitamin D und Calcium waren der Pat. nicht ganz klar, diese sollten ausreichend dosiert sein mit mind. 1000IE und 500mg pro Tag",,Filippo,1,,4,5,5,4,5,4,4,5,3,5,4,4,4,1,3,4,3,3,4,3,4,3,4,3,5885.0,1581.0,4098.0,0.6950215697288513,0.8762279748916626,0.7931116223335266,13,14,18,18,16,12
ID#63,Frau Schmidt,"Leichtgradige Demenzerkrankung, a.e. vom Alzheimer-Typ
mnestische Störung, visuell-räumliche Wahrnehmungsstörung, Apraxie
Cholinesterase-Hemmer empfohlen
Intermittierender Benommenheitschwindel DD bei Dehydratation
	bei Systolikum ggf. TTE Verlaufskontrolle zum Ausschluss Aortenklappenstenose und HSM Verlaufskontrolle empfohlen","Mittelgradige Presbyakusis
Hörgerät empfohlen
Rezidivierende Harnwegsinfekte bei
Dranginkontinenz
Intermittierender AV-Block III°
Implantation eines Herzschrittmachers 04/2022
Paroxysmales Vorhofflimmern
Antikoagulation mit Apixaban","Die Patientin stellte sich zur Differenzialdiagnostik einer progredienten Gedächtnisstörung und einer beginnenden Gehstörung vor. In der klinischen Untersuchung zeigte sich ein leichtgradiges demenzielles Syndrom, mit leichtgradige mnestischen Ausfällen und leichtgradiger Apraxie. Eine dedizierte Untersuchung mit der CERAD-Testbatterie ergab zusätzlich eine mittelgradige visuell-räumliche Wahrnehmungsstörung. In Anbetracht der Befunde sowie deren Alltagsrelevanz diagnostizieren wir eine leichtradige Demenzerkrankung, klinisch a.e. dem Alzheimer-Typ zuzuordnen. Wir empfehlen zur weiteren Differenzialdiagnostik eine MRT-Untersuchung des Schädels, sowie TSH, Vitamin B12 und Folsäure im Labor zu bestimmen, falls noch nicht erfolgt. Therapeutisch empfehlen wir einen Cholinesterasehemmer zu beginnen, z.B. Donepezil. Zusätzlich sollte gegen die Hörstörung ein Hörgerät verordnet werden, welches in Hinblick auf die Demenz-Erkrankung zudem prognostisch relevant ist. Wir empfehlen eine Verlaufskontrolle mit kognitiver Testung in 6 Monaten.
In den weiteren Untersuchungen zeigte das motorische Assessment eine Muskelschwäche in den Beinen, welche insbesondere beim Treppensteigen relevant ist. Therapeutisch ist Krankengymnastik mit Fokus auf Kraft zu empfehlen (s. a. Befund anbei). Anamnestisch leidet die Patientin an einer Harninkontinenz, weshalb sie zu wenig trinke und an Benommenheitsschwindel leide. Die Patientin wurde auf die Notwendigkeit einer Trinkmenge von etwa 2 Litern pro Tag hingewiesen. Sollte die Inkontinenz medikamentös behandelt werden, empfehlen wir auf zentral-wirksame anticholinerge Substanzen zu verzichten. Klinisch fiel ein Systolikum auf, dass DD auf eine Aortenklappenstenose hindeuten könnte, diesbzgl. empfehlen wir eine TTE Verlaufskontrolle und Überprüfung der HSM Einstellung beim niedergelassenen Kardiologen.","MRT-Schädel zur Differenzialdiagnostik einer Demenzerkrankung
ggf. Kontrolle des TSH, sowie Vitamin B12 und Folsäure
Verordnung eines Cholinesterasehemmers, z.B. Donepezil
Verordnung eines Hörgerätes
Krankengymnastik zum Training von Kraft in den Beinen (Treppensteigen)
Verlaufskontrolle der kognitiven Testung in 6 Monaten
Verlaufskontrolle Kardiologie zum TTE und HSM-Überprüfung",Filippo,0,,5,5,5,5,5,4,4,5,4,3,1,4,5,2,3,5,3,5,2,3,5,5,5,5,2850.0,1609.0,2329.0,0.784335732460022,0.7696685791015625,0.8147349953651428,13,20,20,18,12,15
ID#64,Frau Maier,"Multifaktorielle Gangstörung 
mit	1) 	sensibel-ataktischer Gangstörung und 
	2)	unsystematischer Benommenheits-Schwindel
		
bei	1) 	Polyneuropathisches Syndrom unklarer Genese DD malnutritiv DD idiopathisch
			Empfehlung: weiterführende laborchemisch Abklärung ggf. Therapie	
	2)	Orthostatische Hypotension DD bei Flüssigkeitsverlust über Ileostoma
			Empfehlung: Ausreichende Flüssigkeitszufuhr, ggf. Kompressionstherapie der Beine und des Abdomens, Kopfhochlagerung, Bahnungsmanöver 
	
Kurzdarmsyndrom bei Ileostoma
	Rez. Darmoperationen
	M. Crohn

Z.n. Radiusfraktur links 06/24
	V.a. CRPS in Folge OP
	Handchirurgische Reevaluation läuft

3) V.a. Osteopenie
	Verlaufskontrolle Osteodensitometrie
	Regelmäßige Vitamin D und ggf. je nach Labor auch Calciumstubstitution
	ggf. Einleitung einer spezifischen Osteoporosetherapie",,"Im Rahmen der Vorstellung in der Geriatrischen Instituts- und Sturzambulanz fielen mehrere Komponente einer Gangstörung und Sturzneigung auf:

ad 1) 
Es fiel eine sensibel-ataktische Gangstörung a.e. bei Polyneuropathie unklarer Genese auf. Bei bestehendem Kurzdarmsyndrom erscheint eine malnutritive Genese trotz regelmäßiger Vitaminsupplementierung möglich.
Wir empfehlen zur weiteren Abklärung eine laborchemische Diagnostik insb. bzgl. potenziell modifizierbarer Ursachen: Vitamin B12, Holotranscobalamin, Methylmalonsäure, Vit. B6, Vit B1, Folsäure, Serum-Ephorese (MGUS?), Vasculitisscreening (BSG, CRP; ANA, ANCA, Hepatitis C), HbA1c, BZTP.
Wir empfehlen zur Behandlung der sensibl-ataktischen Gangkomponente: ein Gruppenbasiertes strukturiertes Sturzpräventionsprogramm bspw. nach dem Ulmer Modell (2-3x/Wo 30-60min) mit gezielten Übungen für Gleichgewicht und Kraft mit regelmäßiger Anpassung des Schwierigkeitsgrads an das individuelle Niveau. Ggf. kann dieses auch als Eigentraining z.B. nach dem LIFE Konzept erfolgen (www.life-alltagsuebungen.de). 
Zum Einstieg in ein effektives Eigentraining kann ein Physiotherapierezept mit dem Fokus Gang- und Gleichgewichtssicherheit, sowie das Erlernen bzw. Beüben von Kompensationsschritten, ein koordiniertes Training / sensomotorisches Gleichgewichtstraining (bspw. Postoromed /Dividat) sinnvoll sein. Dieses kann ggf. über unsere ambulante Therapieangebote erfolgen (Terminvereinbarung unter Tel 0731 1870).
Zusätzlich ist ein Perturbationstraining z.B. auf einem Laufband zum Training von Ausfall uns Abfangschritten sinnvoll. Dieses kann im Rahmen der sog. SturzImpfung in unserer Ambulanz erfolgen. Bei Interesse und Fragen gerne Kontaktaufnahme über unsere Sturzambulanz unter Tel. 0731 187 181 oder Homepage www.sturzimpfung-ulm.de. 

ad 2)
Den beschriebenen Schwindel konnten wir a.e. im Rahmen eines Benommenheitsschwindels bei Orthostatischer Hypotension einordnen DD im Rahmen des regelmäßigen flüssigkeitsverlustes über das Ileostoma.
Wir empfehlen zunächst ggf. nicht-medikamentöse Maßnahmen zur Reduktion der OH einzuleiten: Kompressionsstrümpfe bis zur Leiste Klasse 2-3, Kompressiv-elastische Bauchbinde, Bahnungsmanöver und Muskelpumpe vor dem Aufstehen, Flüssigkeitsbolus vor dem Aufstehen (ca. 400ml in 5min), Oberkörperhochlagerung bei Nacht.

ad 3)
Auf Grund seines Alters, des Geschlechts und der Vorerkrankungen besteht der V.a. eine Osteoporose Erkrankung. Bisher war lt. Aussage der Patientin a.e. eine Osteopenie in der Knochedichtemessung aufgefallen.
Wir empfehlen die regelmäßige Wiederholung einer Knochendichtemessung und ggf. die Anbindung beim niedergelassenen Osteologen Abklärung (z.B. Praxis Spiess, NU oder Praxis Radlmayer, Ulm) sowie ggf. die Einleitung einer spezifischen Osteoporosetherapie. 
Wir empfehlen die regelmäßige niedrig-dosierte Vitamin D Substitution sowie je nach Laborwert auch die Subsitution von Calcium.

Im Rahmen eines Medikamentenreviews hinsichtlich Sturzrisiko erhöhender Medikamente (fall risk increasing drungs (FRID)) fielen keine kritischen Medikamente auf.",,Filippo,1,,4,4,4,5,5,3,4,4,3,2,3,3,4,2,3,4,1,1,1,1,3,3,3,3,3967.0,1429.0,3143.0,0.7756307721138,0.7991979718208313,0.8343299627304077,4,12,17,16,11,13
